ID,Age,Experience,Income,ZIP Code,Family,CCAvg,Education,Mortgage,Personal Loan,Securities Account,CD Account,Online,CreditCard
2470,43,18,89,92780,1,0.1,2,307,0,0,0,0,1
968,55,30,73,92675,4,3.8,2,0,0,0,0,1,0
729,45,20,114,94720,2,4.4,2,0,1,0,0,0,0
327,52,27,80,95616,1,1.3,3,0,0,0,1,1,1
679,52,27,61,92101,4,1.8,3,207,0,0,0,0,0
1197,37,13,71,94609,2,2.7,1,94,0,0,0,1,0
1396,47,23,190,92831,4,0.3,3,305,1,0,0,0,0
1288,42,18,54,94010,4,2.2,2,0,0,0,0,0,0
2276,40,16,115,94305,1,3.4,1,0,0,0,0,1,0
513,39,14,54,95035,3,3,1,108,0,0,0,0,1
840,39,15,79,92646,4,2.4,1,0,0,0,0,0,0
1650,29,4,73,95039,1,0.8,2,0,0,0,0,1,0
197,48,24,165,93407,1,5,1,0,0,0,0,0,1
2,45,19,34,90089,3,1.5,1,0,0,1,0,0,0
31,59,35,35,93106,1,1.2,3,122,0,0,0,1,0
2197,51,24,189,95211,4,4.75,2,0,1,0,0,1,0
682,34,9,164,94720,1,6,3,0,1,0,0,1,0
2379,30,5,61,95605,1,0.8,2,251,0,1,1,1,0
490,53,28,43,91380,2,2.1,3,0,0,0,1,1,1
463,29,4,183,91423,3,8.3,3,0,1,0,0,1,0
2448,44,19,201,95819,2,8.8,1,0,0,0,0,1,1
1266,32,2,71,95014,2,1.75,3,108,0,0,0,0,0
410,49,22,82,90019,1,2.67,2,125,0,0,0,1,0
142,35,11,58,95831,3,2,1,149,0,0,0,1,1
944,30,4,80,94701,4,1.8,2,0,0,0,0,0,0
688,48,22,65,92120,2,1.5,2,0,0,0,0,1,0
974,43,18,85,92703,1,4,3,287,0,0,0,1,0
2421,63,39,40,91304,1,0.8,1,118,0,0,0,0,1
1676,60,35,119,90266,2,3.9,1,0,0,1,0,1,0
126,60,35,80,91301,3,0.5,1,0,0,0,0,1,0
786,46,22,164,94122,2,7.6,1,0,0,0,1,1,1
304,49,25,195,95605,4,3,1,617,1,0,0,0,0
815,33,8,45,93943,2,0.1,1,0,0,0,0,0,1
541,25,-1,109,94010,4,2.3,3,314,0,0,0,1,0
236,38,8,71,94720,4,1.8,3,0,0,0,0,1,0
23,29,5,62,90277,1,1.2,1,260,0,0,0,1,0
2124,28,2,9,95014,1,0.1,2,0,0,0,0,1,0
1094,27,3,40,94550,3,0.1,2,111,0,0,0,1,0
634,61,31,18,94583,1,1.5,3,0,0,0,0,1,1
2341,33,9,44,94112,1,1.2,1,0,0,0,0,0,0
1492,38,12,38,94553,2,0.3,1,0,0,0,0,1,1
43,32,7,132,90019,4,1.1,2,412,1,0,0,1,0
2173,39,15,79,92028,2,1.8,2,219,0,0,0,0,0
2121,41,17,44,93106,1,0.3,3,0,0,0,0,1,0
2107,62,38,132,90210,1,2.9,1,0,0,0,0,0,0
2154,40,14,123,90041,1,5.2,1,0,0,0,0,1,0
1925,62,38,78,92009,1,1.8,3,0,0,0,0,0,0
730,58,28,90,93106,1,3,3,0,0,0,0,0,1
1429,25,-1,21,94583,4,0.4,1,90,0,0,0,1,0
869,40,15,161,94596,2,3.3,1,0,0,1,0,0,1
1253,42,17,93,92182,4,1.9,3,0,0,0,0,0,0
1264,35,5,85,92870,4,4,3,0,0,0,0,1,0
1626,56,30,21,94542,2,0.7,2,0,0,0,0,1,0
22,57,27,63,90095,3,2,3,0,0,0,0,1,0
2213,46,22,83,95060,1,2.7,1,0,0,0,0,1,0
1598,66,41,11,92325,3,0.1,3,0,0,1,0,0,1
196,34,10,13,94577,4,1,1,95,0,1,0,1,0
1195,29,3,41,94305,4,1.3,3,0,0,0,0,1,0
2267,38,13,143,94550,1,4.1,1,0,0,0,0,0,0
1390,45,15,20,94107,1,0.75,3,0,0,0,0,1,0
58,56,31,131,95616,2,1.2,3,0,1,0,0,0,0
98,54,28,161,92121,1,2.9,1,0,0,0,0,1,0
936,46,20,131,95929,1,5.7,1,256,0,0,0,0,1
2222,59,33,73,92056,2,1.7,3,0,0,0,0,1,1
635,57,31,32,90034,3,1.4,1,0,0,1,1,1,1
1668,44,20,22,90024,1,1,1,91,0,0,0,0,0
1923,39,15,25,93023,1,1.4,3,0,0,0,0,0,0
1562,46,20,73,93106,1,1.5,2,128,0,0,0,1,0
1841,55,25,23,93106,4,0.4,3,88,0,0,0,0,0
2318,31,5,129,95814,3,5.9,3,319,1,1,1,0,1
1855,52,25,41,95403,3,1,2,0,0,0,0,1,0
2224,53,28,74,91711,3,2,2,0,0,1,0,0,0
2149,54,30,58,92007,2,3.2,3,0,0,0,0,0,0
282,57,31,65,94118,4,2.6,3,0,0,0,0,0,1
2321,46,22,84,92692,4,2,3,0,0,0,0,1,0
340,39,13,89,92110,4,1.4,2,0,0,0,0,0,0
2047,43,16,161,95134,3,8,2,0,1,0,1,1,1
1837,44,19,74,90041,4,1.9,3,0,0,0,0,0,0
1726,57,32,19,95348,1,1.3,1,0,0,0,0,1,0
1902,43,19,201,94305,2,6.67,1,0,0,1,0,1,0
949,30,4,81,92037,1,2.9,3,259,0,0,0,1,1
512,31,5,82,94143,4,2.2,2,0,0,0,0,0,0
1040,41,16,175,94304,2,1.1,3,0,1,0,0,1,0
375,30,5,98,91941,2,3.1,1,220,0,0,0,1,0
1784,53,27,192,94720,1,1.7,1,601,0,0,0,1,0
2312,62,37,115,90245,4,3.4,2,0,0,0,0,1,1
613,65,40,129,90095,1,1.3,1,0,0,0,0,1,1
1514,45,21,183,95211,2,1.4,1,354,0,0,0,0,0
1511,57,32,33,95747,2,2,2,0,0,0,0,1,0
725,64,38,92,94086,1,2,1,0,0,0,0,1,0
112,62,38,45,94143,4,1.3,2,0,0,0,0,1,0
2175,30,5,123,95605,2,3.1,1,0,0,0,0,1,0
683,58,34,12,90504,1,0.1,2,0,0,0,0,0,1
2135,50,24,68,95821,1,1.5,2,120,0,0,0,1,1
2445,60,35,38,94701,3,0.5,2,0,0,0,0,1,1
1550,57,31,45,94305,3,1.4,1,198,0,0,0,1,0
451,51,25,69,95747,1,0.3,1,0,0,0,0,1,1
2364,39,13,61,90095,2,2.4,2,90,0,0,0,1,0
1707,56,31,84,92672,1,0.1,3,0,0,0,0,1,0
1358,55,29,53,95134,1,1.4,1,0,0,0,0,0,0
2374,33,9,184,94304,2,4.8,2,0,1,0,0,0,0
2129,65,40,40,94104,1,1.1,3,0,0,0,0,0,0
1922,45,21,63,95621,1,0.8,3,245,0,0,0,1,1
1631,41,17,99,92096,2,1.8,2,0,0,0,0,1,1
687,24,-1,38,92612,4,0.6,2,0,0,0,0,1,0
607,34,8,81,91741,3,0.9,2,208,0,0,0,1,0
2433,54,30,45,92182,4,0.9,2,0,0,0,0,0,1
2356,56,31,74,94920,3,1.6,3,0,0,0,0,1,1
2119,31,5,125,91320,2,1.3,1,0,0,0,0,1,1
1456,63,39,160,91330,2,2.1,1,0,0,0,0,0,1
39,42,18,141,94114,3,5,3,0,1,1,1,1,0
1003,46,20,85,95617,2,0.4,3,0,0,0,0,0,0
2143,55,31,62,93943,4,1.5,1,0,0,0,0,1,0
1035,49,23,84,90095,3,2.1,1,134,0,1,0,1,0
846,44,17,29,94706,3,1,2,0,0,0,0,1,1
2347,52,26,59,92660,2,1.5,2,239,0,0,0,0,1
447,47,23,22,93108,1,1,1,0,0,0,0,0,1
1868,65,39,21,94553,2,0.4,1,0,0,0,0,0,0
1983,58,33,18,94701,3,0.1,2,110,0,0,0,1,0
256,66,40,42,92103,2,0.7,3,138,0,0,0,0,1
2246,54,28,33,94111,2,0.7,2,0,0,0,0,0,1
1914,57,33,134,92110,4,0.9,1,198,1,0,0,1,0
1436,43,17,55,90266,1,0.2,1,0,0,0,0,1,0
676,29,2,33,91711,1,2,2,160,0,0,0,0,0
133,31,1,51,90840,2,1.75,3,0,0,0,0,0,0
596,42,18,41,92121,1,1.8,1,94,0,0,0,1,0
1010,28,3,25,91330,2,0.9,3,140,0,0,0,1,0
1316,49,25,53,95134,2,1,3,181,0,0,0,0,0
1527,36,10,80,94608,4,2.2,2,0,0,0,0,1,0
2294,42,17,14,91768,2,0.1,2,0,0,0,0,1,0
522,48,24,75,92518,4,1.4,2,0,0,0,0,1,0
59,28,2,93,94065,2,0.2,1,0,0,0,0,0,0
1175,36,10,42,93106,4,1.2,2,0,0,0,0,1,1
370,31,6,58,95051,2,2.5,1,0,0,0,0,0,1
1113,52,28,51,94949,1,1.6,3,0,0,1,0,0,1
1920,38,13,19,92069,2,1.4,2,120,0,0,0,0,1
1818,36,11,9,94604,4,0.2,3,0,0,0,0,0,1
1116,51,24,84,94117,3,2,2,0,0,0,0,0,0
2188,54,30,40,90024,2,1,3,0,0,0,0,0,0
794,24,-2,150,94720,2,2,1,0,0,0,0,1,0
1223,61,37,20,90011,3,0.4,2,94,0,0,0,0,0
835,36,12,150,95138,4,5.4,1,0,1,1,1,1,0
1517,41,17,49,92130,4,2.2,2,0,0,0,0,0,0
271,60,36,63,94063,4,2.2,1,0,0,0,0,1,0
1310,38,14,71,95136,4,2,3,0,0,0,0,0,0
496,25,0,44,94545,4,0.6,2,0,0,0,0,1,1
866,60,34,22,92037,3,0.3,3,139,0,0,0,1,1
2092,31,4,41,91360,1,2,2,0,0,1,0,1,0
1570,51,27,44,94305,3,1.9,2,141,0,0,0,0,0
1657,40,15,175,92646,2,3.3,1,0,0,0,0,1,0
2217,64,40,89,94707,1,3.8,1,0,0,0,0,0,0
1765,45,21,44,94596,3,0.6,2,0,0,0,0,1,0
357,56,30,24,94704,2,0.4,3,88,0,0,0,0,0
1122,30,6,49,91330,3,0.7,2,196,0,0,0,0,1
14,59,32,40,94920,4,2.5,2,0,0,0,0,1,0
1173,49,24,45,92104,3,1.7,2,0,0,1,0,1,0
356,43,19,71,92101,3,0.3,3,0,0,0,0,0,1
409,60,36,89,91745,2,2.8,1,0,0,0,0,1,0
113,40,15,82,91775,3,1,1,309,0,0,0,0,0
336,56,32,122,95827,2,0.3,1,360,0,0,1,1,1
1608,55,29,21,92028,4,0.7,3,0,0,0,0,0,0
562,63,33,41,94234,4,1.67,3,0,0,0,0,1,0
2399,53,29,90,95053,2,0.3,1,217,0,1,0,0,1
1184,50,25,35,94105,3,1.7,2,0,0,0,0,1,1
2404,38,13,140,90210,4,0.5,1,0,1,0,0,0,0
1403,55,29,172,95064,1,5.2,2,0,1,0,0,0,0
166,27,1,43,94706,1,1.5,1,0,0,0,0,1,0
1450,63,37,109,90740,1,2,1,0,0,0,0,1,0
1219,62,36,98,92122,2,2.8,1,0,0,0,0,0,0
215,54,28,94,90291,1,1.9,2,0,0,0,0,0,0
1204,62,37,50,91311,3,2.4,1,0,0,0,0,1,0
820,56,30,45,90024,4,1.5,3,0,0,0,0,0,0
48,37,12,194,91380,4,0.2,3,211,1,1,1,1,1
1812,28,3,11,94534,4,0.5,3,0,0,0,0,0,0
79,54,30,133,93305,2,2.6,3,0,1,0,0,0,0
198,55,31,9,91345,4,0.7,1,89,0,0,0,1,0
1776,46,22,73,91360,1,0.8,3,117,0,0,0,0,0
1412,65,39,184,91302,1,5.4,3,176,1,0,1,1,1
953,44,20,180,93943,2,7.6,1,524,0,0,0,0,1
2327,45,19,73,94086,4,2.9,1,0,0,0,0,0,0
1954,49,25,22,90058,4,0.2,1,83,0,0,0,1,0
1754,53,29,25,92008,2,0.4,1,0,0,0,0,1,0
362,43,19,153,90254,2,7.5,1,0,0,0,0,1,0
1738,44,19,70,92399,1,0.2,2,230,0,1,0,0,0
2377,58,33,23,91768,3,0.2,1,0,0,0,0,0,0
1611,38,14,103,94305,1,0.8,2,0,0,0,0,0,1
2387,31,5,72,94542,3,1.6,1,0,0,0,0,1,0
710,29,4,72,95841,4,2.2,1,0,0,0,0,1,0
1806,51,26,15,92373,2,0,1,114,0,0,0,1,0
1302,41,17,153,92121,1,1.7,1,337,0,0,0,0,1
1736,60,36,31,95051,3,0.4,2,0,0,0,0,1,1
911,60,36,79,92120,1,1.8,3,0,0,0,0,0,1
426,28,3,28,90505,4,0.8,1,0,0,0,0,1,0
747,62,37,85,95051,4,3.4,2,0,0,0,0,1,0
728,62,37,18,92037,3,1.3,2,0,0,0,0,1,0
2245,57,31,53,92806,1,0.8,2,120,0,0,0,0,0
1425,29,3,92,94539,2,1.3,1,287,0,0,0,1,0
1410,41,17,63,90745,2,3.2,1,0,0,0,0,0,0
712,62,37,83,91754,3,1.8,2,187,0,1,0,0,0
1600,50,24,124,93305,1,4.9,1,266,0,0,0,1,0
372,58,34,19,92029,4,0.7,1,0,0,0,0,0,0
931,28,4,43,92103,3,0.1,2,0,0,0,0,1,0
818,41,15,38,90291,2,0.7,1,91,0,0,0,1,0
1957,42,18,89,94539,4,0.8,1,184,0,0,0,0,0
675,49,23,59,95827,3,2.1,1,0,0,0,0,0,0
1911,43,18,83,95616,2,3.8,3,112,0,0,0,0,0
1004,25,1,62,94720,4,0,1,229,0,0,0,1,0
1446,47,21,141,90095,1,2.4,1,0,0,0,0,0,0
1718,33,7,101,93727,1,2.7,2,233,0,0,0,0,0
1846,43,18,65,93065,2,2.2,3,0,0,0,0,1,0
1601,60,36,129,92028,2,6,1,0,0,0,0,1,0
1137,47,21,65,94086,1,1.5,2,0,0,1,0,1,0
1088,38,13,54,92028,3,0.7,2,196,0,0,0,0,0
584,24,-1,38,95045,2,1.7,2,0,0,0,0,1,0
369,63,37,30,92054,2,1,3,159,0,0,0,1,0
515,27,1,74,91730,3,0.3,3,0,0,0,0,1,0
1688,63,39,83,90025,3,2,3,0,0,0,0,1,1
264,27,1,74,92121,4,1.8,2,112,0,0,0,1,1
601,56,30,141,94143,2,0.5,1,0,0,0,0,1,0
2429,39,12,108,92717,4,3.67,2,301,1,0,0,0,1
1506,51,25,18,92109,1,0.3,3,93,0,0,0,0,1
2102,35,5,203,95032,1,10,3,0,1,0,0,0,0
1584,61,36,184,92028,4,2.3,2,342,1,0,1,1,1
220,56,30,61,94707,1,2.2,3,0,0,0,0,1,1
1451,59,34,80,90086,3,0.5,1,0,0,0,0,1,1
1158,48,23,132,94998,1,0.6,1,157,0,0,0,0,0
833,36,10,31,90630,4,1.2,2,0,0,0,0,0,0
202,35,9,20,94609,2,1.4,3,0,0,0,0,1,1
1678,34,10,42,92173,1,1.5,2,131,0,0,0,0,0
2257,56,31,13,94305,4,0.9,2,76,0,0,1,1,1
389,54,30,100,95814,4,3.4,3,0,1,0,0,0,0
462,55,30,81,92123,2,3.7,1,0,0,1,0,0,0
1673,48,23,173,94546,3,0.2,1,0,1,0,1,1,1
1875,37,11,82,95819,3,0.9,2,218,0,0,0,1,1
1163,38,14,112,94501,2,2.2,1,394,0,0,0,0,0
655,54,29,129,93940,4,4.2,3,0,1,0,0,0,0
1056,31,6,62,95630,1,1,1,0,0,1,0,1,0
734,49,24,80,92009,1,1.2,1,0,0,0,0,1,0
2204,50,25,130,91320,1,0.6,1,311,0,0,0,0,0
84,33,9,50,94305,1,2.4,2,0,0,0,0,0,0
1882,46,19,82,91365,3,2.67,2,0,0,0,0,0,0
295,35,9,55,94536,1,2,1,0,0,0,0,1,0
351,39,14,113,94301,1,1,3,0,0,1,0,1,0
1298,61,35,90,95814,4,1.9,2,0,0,0,0,1,0
2247,35,11,190,92093,3,3.1,2,266,1,0,0,0,0
2192,42,18,171,90027,2,8,1,0,0,0,0,1,0
239,57,32,28,95831,3,0.2,1,0,0,0,0,1,1
2447,25,1,70,93010,4,2.6,1,218,0,0,0,1,0
1613,41,17,33,94550,1,0.7,1,104,0,0,0,0,0
312,52,26,121,94550,1,7.3,1,167,0,0,0,1,0
1853,32,6,54,94596,4,1.8,3,167,0,0,0,0,0
1426,64,38,40,91330,1,2.5,3,94,0,0,0,1,1
395,33,9,80,91311,4,3.4,1,0,0,0,0,1,1
1119,42,17,98,95670,2,0.4,1,0,0,0,0,1,1
444,48,24,29,90509,1,1,1,0,0,0,0,0,0
1568,63,39,92,94710,2,0,3,0,0,0,0,1,0
1745,28,3,29,91105,4,0.8,1,135,0,0,0,1,0
917,44,20,85,92192,2,3.2,1,0,0,0,0,1,0
1798,35,10,143,91365,1,8.6,1,0,0,0,0,1,1
2451,32,7,28,90034,4,1.1,3,0,0,0,0,0,0
1792,48,22,139,94309,1,0,1,0,0,0,1,1,1
591,29,3,39,94612,4,2.1,3,0,0,0,0,1,0
1609,36,10,35,94608,2,0.3,1,98,0,0,0,1,0
1007,63,38,103,91103,1,2.5,1,0,0,0,0,1,0
693,26,2,30,94720,1,1,3,111,0,0,0,0,0
2465,60,36,32,92407,3,0.4,2,165,0,0,0,1,0
337,36,12,65,95051,3,2.6,2,0,0,0,0,1,0
2357,31,5,184,92064,4,3.4,2,0,1,0,1,1,1
1407,53,23,20,92123,4,0.4,3,0,0,0,0,1,1
1588,52,28,21,94035,2,0.4,1,0,0,1,0,1,0
249,55,29,99,92121,2,1.4,1,264,0,0,0,1,1
737,61,35,152,91016,3,3.3,3,0,1,0,0,1,0
377,45,21,61,94304,3,0.7,1,0,0,0,0,0,0
42,34,9,60,94122,3,2.3,1,0,0,0,0,0,0
2235,36,12,35,95812,4,0.4,2,0,0,0,0,1,0
1304,29,5,112,94720,2,2,2,382,0,1,0,0,0
1349,38,14,35,95051,1,1.5,2,97,0,0,0,1,0
841,27,3,94,92373,2,0.2,1,310,0,0,0,0,1
359,30,6,141,94539,2,4.33,1,0,0,0,0,1,0
755,38,14,102,95020,2,1.9,1,0,0,0,1,1,1
781,32,7,42,92634,4,0.8,1,0,0,0,0,1,1
1677,46,20,74,92821,4,2.6,3,104,0,0,0,1,0
120,32,7,112,94304,1,4.6,1,366,0,0,0,0,0
2161,43,17,55,93933,3,2.2,2,0,0,0,0,0,0
1239,28,2,63,91116,2,1.6,3,0,0,0,0,1,0
526,64,38,79,94024,2,2.8,1,179,0,0,0,0,0
267,63,38,61,94720,2,1.5,1,0,0,0,0,1,0
1350,26,2,171,93943,3,6,2,0,1,0,0,1,0
987,53,27,101,90245,4,4.9,1,0,0,0,0,1,0
1146,32,6,99,92101,2,1.5,3,0,0,0,0,0,1
266,49,23,23,94305,4,0.6,3,98,0,1,0,0,0
190,55,29,112,94043,2,1.4,1,0,0,0,0,1,0
1221,41,17,165,94143,2,8,1,0,0,0,0,1,0
1503,65,39,113,90036,1,2,1,0,0,0,0,1,1
647,58,33,61,90033,4,1.7,1,0,0,0,0,0,0
2122,41,17,38,92182,4,2.2,2,180,0,0,0,0,1
1237,31,6,81,95762,4,2.2,2,116,0,0,0,1,0
2198,60,35,34,94102,1,0.3,3,0,0,0,0,1,0
1966,45,20,94,90095,3,0.5,3,0,0,0,0,1,0
1809,55,31,50,93010,4,1.5,1,0,0,0,0,1,0
1781,49,24,82,95051,1,2.9,1,267,0,0,0,1,0
2380,42,18,110,94720,2,6.1,1,182,0,0,0,1,0
544,63,38,54,94704,3,2.4,1,90,0,0,0,0,1
900,30,3,172,91302,3,3.4,2,0,1,0,0,0,1
2408,39,15,100,94720,1,0.8,2,0,0,0,0,1,0
1285,65,40,128,90740,1,2.5,1,162,0,0,0,1,0
1541,34,8,11,91320,4,0.3,1,0,0,1,1,1,1
507,51,25,44,94608,3,0.9,3,0,0,0,0,0,0
2401,61,36,169,91380,2,6.1,3,106,1,0,1,1,1
243,41,16,75,94005,1,3.7,3,280,0,0,0,0,0
2151,62,38,54,91320,1,0.8,1,0,0,1,0,0,1
427,42,18,75,92182,3,2.33,1,0,0,0,0,0,1
495,41,17,160,92647,2,8,1,0,0,0,0,1,0
302,65,39,150,92120,2,6.9,1,196,0,0,0,0,0
575,29,5,80,94709,2,2,2,0,0,0,0,1,1
348,25,0,43,94305,2,1.6,3,0,0,1,1,1,1
868,61,35,61,94708,1,1.6,1,0,0,0,0,0,0
1802,35,10,78,92121,1,2.6,2,0,0,0,0,0,0
1477,61,37,64,92028,1,0,2,0,0,0,0,0,1
1865,61,36,61,92103,2,2.8,1,0,0,0,0,0,0
2004,44,20,124,90277,1,4.7,1,0,0,0,0,1,1
1863,42,17,82,95616,1,3.7,3,0,0,0,0,1,0
2442,64,38,38,94305,2,0.3,1,186,0,0,0,1,1
1141,32,6,13,94611,4,0.3,1,0,0,0,0,1,1
1807,61,36,10,90740,1,0.1,1,0,0,0,0,0,0
85,46,22,18,91730,1,0.9,3,0,0,0,0,1,0
1086,51,26,11,92612,2,0,1,0,0,1,0,0,0
1746,37,12,40,90065,2,1.1,2,0,0,1,0,0,1
1486,34,9,99,90245,4,2.2,2,155,0,0,0,1,0
642,35,10,139,95060,2,7.8,1,0,0,0,0,0,0
2015,49,19,169,95054,3,5.67,3,167,1,0,1,0,1
1675,37,11,139,95814,2,0.8,2,421,1,0,0,1,0
689,44,20,71,94304,4,1.9,1,207,0,0,0,1,0
1993,52,28,38,94302,2,0.8,1,0,0,0,0,0,1
1306,32,6,28,94025,2,0.3,2,88,0,0,0,1,0
2108,41,17,85,90291,4,0.2,3,229,0,0,0,0,0
744,61,37,40,94539,4,2.2,1,0,0,1,1,1,1
758,52,28,81,91745,3,1.8,2,0,0,1,0,0,0
1892,42,18,50,95126,4,2.2,2,0,0,0,0,0,0
1771,62,37,9,91320,1,0.1,1,94,0,0,0,0,0
1005,53,23,65,95054,4,2,3,0,0,0,0,1,0
1529,34,9,134,94550,1,4.6,1,164,0,1,0,1,0
1634,62,38,53,92121,1,0,2,0,0,0,0,0,0
1042,56,32,51,92780,4,1.5,1,0,0,0,0,0,0
141,51,25,31,90245,2,0.4,3,161,0,0,0,1,1
1343,36,12,79,90041,2,2.2,1,0,0,0,0,1,0
1418,42,18,52,94061,2,2.5,1,0,0,0,0,0,0
1077,40,13,24,94608,3,1,2,0,0,0,0,1,0
160,61,35,41,94545,4,1.7,2,0,0,1,0,1,0
1414,48,24,12,90058,3,0.4,1,0,0,0,0,0,0
1788,32,6,44,94608,4,0.2,1,0,0,1,1,1,1
651,47,22,122,90037,1,5.1,3,163,1,1,0,0,0
137,59,32,49,95035,4,2.5,2,0,0,0,0,1,0
2023,33,3,71,93561,4,1.8,3,236,0,0,0,0,0
2345,65,40,20,94608,3,0.5,1,102,0,0,0,1,1
599,56,31,11,92374,2,0.2,3,90,0,0,0,0,0
176,45,20,85,91711,4,1.1,2,0,0,1,0,1,0
708,47,20,25,95064,3,0.67,2,0,0,0,0,1,1
1797,57,32,42,92831,2,2.1,3,0,0,0,0,1,0
1256,27,1,80,95354,2,1.6,3,185,0,0,0,1,1
2293,57,33,170,95051,2,2.1,2,0,1,0,0,0,0
1577,43,18,98,92131,2,0.4,1,0,0,0,0,1,0
1642,58,34,152,92182,4,3.6,3,0,1,0,0,0,0
716,47,23,32,92130,1,1,1,0,0,1,1,1,1
481,54,29,68,94998,3,1.6,3,0,0,0,0,1,1
2030,30,3,61,92152,4,2,2,0,0,0,0,1,0
2169,55,29,64,93063,4,2.6,3,0,0,0,0,1,0
2295,39,15,129,90035,2,1.9,1,0,0,0,0,0,0
1434,51,25,68,92647,2,1.5,2,117,0,0,0,0,1
161,29,0,134,95819,4,6.5,3,0,1,0,0,0,0
851,46,20,39,95054,1,0.2,1,0,0,0,0,0,0
2248,60,34,60,95616,1,2.5,3,103,0,0,0,0,0
690,54,30,18,94591,1,0.3,1,0,0,1,1,1,0
1524,41,16,104,92037,1,1,3,0,0,0,0,1,0
877,40,14,58,94025,2,2.8,1,0,0,0,0,1,0
382,55,29,73,95616,2,2.3,3,0,0,0,0,1,1
1693,58,32,32,93014,3,1.4,1,0,0,0,0,1,0
412,60,36,54,92182,4,2.3,3,0,0,1,0,0,0
1228,39,13,30,92122,3,0.2,2,0,0,0,0,0,0
2459,46,20,72,93108,2,0.8,3,0,0,0,0,1,1
556,34,8,35,92037,4,0.8,1,137,0,0,1,1,1
1034,60,34,29,95973,2,0.3,1,0,0,0,0,1,0
436,52,26,80,94709,3,0.8,1,0,0,0,0,0,0
1829,30,4,25,92123,2,0.3,2,0,0,0,0,0,0
1359,50,25,83,92007,1,2.8,2,0,0,0,0,1,1
1834,34,9,178,94303,1,0.8,3,0,1,0,0,0,0
902,57,33,24,95616,4,0.7,1,0,0,0,0,1,0
149,52,28,163,91423,2,0.4,1,116,0,0,0,1,0
1389,52,28,25,90212,4,1,1,0,0,0,0,0,0
270,43,13,33,95039,1,0.75,3,0,0,0,0,0,0
260,56,30,55,94107,1,1.4,1,77,0,0,0,1,0
1103,29,3,84,95023,1,2.9,3,0,0,0,0,1,0
1098,50,24,188,92007,3,1.3,1,184,1,0,0,0,1
122,52,26,38,91711,3,0.9,3,0,0,0,0,1,0
2266,47,23,88,94305,4,1.4,2,0,0,0,0,0,0
2436,34,9,102,92115,4,2.2,2,0,0,0,0,1,0
461,60,36,141,90277,2,2.1,1,0,0,0,0,1,1
1926,43,19,81,90245,1,0.3,1,218,0,0,0,1,0
1270,36,11,14,92673,4,0.2,3,100,0,0,0,1,1
1564,55,29,19,92109,4,0.7,3,121,0,1,0,0,1
2250,41,14,38,95814,3,1,2,150,0,0,0,1,0
880,63,37,84,91768,4,1.9,2,0,0,0,0,1,0
2082,52,27,45,95006,1,1.3,2,0,0,0,0,0,0
1968,43,18,89,94303,3,0.5,3,108,0,0,0,0,1
263,49,23,33,90245,1,0.3,3,0,0,0,1,1,1
2226,54,24,25,90505,4,0.4,3,115,0,0,0,0,0
960,49,24,68,94143,1,0.2,2,163,0,0,0,0,0
762,48,24,84,92152,3,0.7,1,166,0,0,0,1,0
94,60,34,64,94550,2,1.7,3,236,0,1,0,1,0
724,50,24,61,94301,4,2.6,1,0,0,0,0,1,0
1454,29,5,85,90232,3,2.5,1,0,0,0,0,1,1
1112,54,28,183,90071,1,1,1,442,0,0,0,0,0
1555,42,15,34,91302,3,1,2,0,0,1,0,1,0
1864,48,22,43,94588,1,1.2,2,112,0,0,0,1,0
1844,30,6,154,90230,1,6,1,0,0,0,0,0,0
1201,36,12,22,92507,4,1,1,91,0,1,0,1,0
2453,25,1,28,94596,1,1,3,0,0,0,0,1,0
1002,57,32,55,90717,4,2.1,1,108,0,0,0,1,0
780,53,28,192,94304,2,6.4,3,0,1,0,0,0,0
204,58,34,65,95747,4,2.2,1,0,0,0,0,1,0
1847,56,32,15,90089,1,0.1,2,0,0,0,0,1,0
2051,41,15,29,94024,2,0.8,3,98,0,0,0,0,0
767,37,12,81,94538,1,2.8,1,0,0,0,0,0,0
1710,58,34,88,93555,2,1.6,1,0,0,0,0,1,1
875,30,4,40,92056,4,2.1,3,0,0,0,0,1,1
646,35,9,84,95120,4,2.2,2,322,0,0,0,0,0
784,44,20,160,94606,2,7.6,1,0,0,1,0,0,0
882,44,19,154,92116,2,8.8,1,0,0,0,0,1,0
1347,44,20,50,95670,3,2.33,1,200,0,0,0,0,0
109,33,7,32,95136,1,0.6,3,166,0,0,0,1,0
1814,61,36,55,90033,3,0.9,3,0,0,0,0,1,1
51,32,8,8,92093,4,0.7,2,0,0,1,0,1,0
1365,44,19,69,92129,4,0.4,1,0,0,0,0,0,0
989,63,39,32,94998,1,1.9,2,100,0,0,0,0,0
787,45,21,42,94305,2,2.5,1,0,0,1,0,1,0
1857,51,24,21,95014,2,1,2,0,0,0,0,1,0
1768,41,14,74,92691,3,2.33,2,0,0,0,0,1,0
1249,44,19,35,94305,4,0,2,0,0,0,0,1,0
1392,44,18,84,91330,3,1.1,1,0,0,0,0,0,0
1321,31,7,192,90250,1,0,2,0,1,0,0,1,0
1487,35,9,141,93022,2,4.5,2,0,1,0,0,0,0
2313,48,22,83,91345,2,2.4,2,0,0,0,0,1,0
2487,61,36,130,92717,1,1.3,1,257,0,0,0,0,0
2022,46,20,103,91380,4,4.8,3,0,1,0,0,1,0
2009,63,38,31,92037,1,1.1,3,125,0,0,0,1,0
1938,51,25,181,95051,1,3.3,3,589,1,1,1,1,0
1466,45,19,60,91911,1,0.7,3,159,0,0,0,1,0
210,64,39,172,94707,4,3.1,1,282,1,0,1,1,1
1775,43,18,83,93109,3,0.5,3,0,0,0,0,0,1
208,34,10,71,94115,4,0.1,2,0,0,0,0,0,0
192,51,25,29,90404,1,0.3,3,140,0,0,0,0,0
2237,51,24,23,95616,1,0.5,2,0,0,0,0,1,0
2483,28,4,129,92115,1,1.5,1,0,0,0,0,0,1
1465,28,4,120,92333,2,0.6,1,0,0,0,0,1,0
1233,43,19,84,92646,4,0.2,3,297,0,0,0,1,0
796,57,32,15,92806,2,0.2,3,0,0,0,0,0,1
235,26,1,80,95616,1,0.8,2,150,0,0,0,0,0
1900,59,33,34,94115,1,0.2,1,0,0,0,0,1,0
2420,63,37,44,94550,2,1,3,0,0,0,0,1,0
1357,42,16,74,90066,1,2.8,1,0,0,0,0,1,0
2409,48,22,85,94105,3,1.1,1,203,0,0,0,1,0
195,53,29,144,92697,2,6.8,1,0,0,0,0,1,0
2240,55,29,42,95833,4,2.5,1,0,0,1,0,0,0
2228,61,35,59,90840,4,1.7,2,0,0,0,0,1,1
978,54,30,45,95134,4,1.1,2,205,0,0,0,1,0
37,59,35,121,94720,1,2.9,1,0,0,0,0,0,1
1750,46,22,52,95814,2,2.1,3,221,0,0,0,0,0
583,44,18,72,95678,1,0.7,3,155,0,0,0,0,0
2132,55,31,15,95747,1,0.2,1,0,0,0,0,0,0
1575,62,37,42,92106,3,1.5,1,0,0,0,0,1,0
1885,57,33,163,94132,1,7.4,1,0,0,0,0,1,0
1888,31,7,81,95006,2,2,2,0,0,0,1,1,1
1975,39,13,63,90095,4,0.2,3,242,0,0,0,0,0
485,25,1,113,95023,2,0.2,1,0,0,0,0,1,1
1691,26,1,102,95521,1,1.9,1,0,0,0,0,0,0
1786,29,3,190,94080,2,4.5,1,0,0,0,0,1,0
1439,63,37,90,94105,4,1.9,2,106,0,1,0,1,0
1778,52,27,34,93117,2,0.7,2,114,0,0,0,1,1
2288,30,6,29,92121,1,0.2,3,90,0,0,0,1,0
69,47,21,60,93407,3,2.1,1,0,0,0,0,1,1
1156,41,16,81,92653,2,0.4,1,0,0,0,0,0,1
470,48,23,10,94609,2,0.7,3,0,0,0,0,1,1
2375,32,5,41,92008,2,1,2,112,0,1,0,1,0
1433,26,2,195,90245,1,6.33,1,0,0,0,0,0,0
1385,55,31,62,91711,1,1.8,3,0,0,0,0,1,0
1537,36,12,73,95617,4,2,3,188,0,0,0,1,0
159,32,6,79,94720,2,1.5,3,0,0,0,0,1,1
1850,50,26,42,90630,1,1.6,2,0,0,0,0,1,0
350,26,2,60,93407,2,3,1,132,1,0,0,0,0
1072,39,14,61,94005,3,0.5,3,137,0,0,0,1,0
1008,44,19,99,95064,3,3.5,3,357,1,0,0,0,0
1740,33,7,83,95211,1,2.5,1,0,0,1,1,1,1
2006,47,23,170,90254,2,6.5,2,0,1,0,1,1,1
1808,46,20,61,90036,2,0.4,3,0,0,0,0,0,0
1617,48,23,84,94402,4,3.1,2,0,1,1,1,1,0
2043,41,17,121,94102,1,0.3,1,0,0,0,0,1,0
199,27,3,59,94123,4,0,1,90,0,1,0,1,0
50,40,16,49,92373,1,1.8,1,0,0,0,0,0,1
2452,51,25,119,93940,1,4.9,1,208,0,0,0,1,1
1211,50,24,84,93943,4,4.9,1,0,0,0,0,1,0
115,39,14,39,92354,3,0.5,3,0,0,0,0,1,0
252,54,28,170,92182,2,6.2,2,325,1,0,0,1,0
1395,52,27,33,90095,2,0.7,2,0,0,0,0,0,1
1471,58,28,80,91116,2,4.5,3,0,0,0,0,0,1
255,65,41,134,91942,3,3.9,3,121,1,0,0,1,0
665,54,30,64,95126,1,1.8,3,227,0,0,0,0,1
1667,51,25,190,95138,2,4.2,2,0,1,0,0,1,0
624,44,19,34,95616,1,0.3,3,78,0,0,0,1,0
438,36,9,31,95825,4,1,2,0,0,1,0,1,0
776,65,39,23,92835,3,0.7,2,0,0,0,0,0,1
1431,32,7,52,92660,2,0.1,1,0,0,0,0,1,0
962,35,9,30,94114,4,1,1,163,0,0,0,1,0
1235,44,18,33,90405,3,1.5,1,0,0,0,0,1,1
1150,56,32,158,91763,1,7.4,1,0,0,0,0,0,0
283,34,9,71,91711,4,0.7,3,0,0,0,0,1,0
1603,40,14,74,90245,4,1.4,2,0,0,0,0,1,0
903,57,33,95,95054,2,1.6,1,0,0,0,0,0,0
2331,31,5,72,95133,4,1.8,2,242,0,0,0,1,1
44,39,15,45,95616,1,0.7,1,0,0,0,0,1,0
828,63,37,45,94542,2,1,3,88,0,0,0,1,1
2031,63,38,111,95814,2,3.9,1,207,0,1,1,1,1
1093,25,1,70,92120,4,2.6,1,0,0,1,0,1,0
943,55,29,30,91320,4,0.7,2,0,0,0,0,0,1
95,65,39,121,92612,1,2,1,0,0,0,0,0,0
501,59,33,34,92177,2,0.3,1,0,0,0,0,0,0
2179,37,13,158,93943,2,2.3,2,0,1,0,1,1,1
2271,26,2,51,92103,4,2.6,1,0,0,0,0,1,0
881,57,31,58,91604,1,0.2,1,177,0,0,0,1,0
1082,53,28,20,94080,3,0.1,2,0,0,0,0,0,0
1254,57,33,45,92346,4,1.5,1,204,0,0,0,1,0
2388,28,2,51,94720,4,1.8,3,0,0,0,0,0,1
566,55,29,79,90210,3,0.8,1,0,0,0,0,1,0
2485,46,21,30,92697,1,1.4,3,112,0,1,0,0,0
856,59,33,113,92152,2,2,1,77,0,0,0,1,0
1481,67,42,32,93943,1,1.1,3,0,0,0,0,0,1
986,46,22,118,92120,1,4.7,1,159,0,0,0,0,1
1826,56,32,161,94720,1,5.8,3,0,1,1,0,0,0
1801,57,33,45,94080,3,1.5,1,181,0,1,1,1,1
702,44,19,62,93106,3,0.8,3,0,0,0,0,0,1
1047,51,26,34,94105,4,0.4,2,0,0,0,0,0,0
789,58,34,10,92521,4,0.7,1,0,0,0,0,0,0
1543,50,20,19,92612,4,0.4,3,0,0,0,0,0,0
273,29,3,45,95023,4,0.2,1,158,0,0,0,1,1
870,54,30,29,93014,2,0.8,1,0,0,0,0,0,1
1713,44,20,20,92780,1,1.4,3,0,0,0,0,0,0
2298,59,35,31,94063,3,0.4,2,0,0,0,0,1,1
1275,62,37,61,93117,4,1.7,1,0,0,0,0,0,0
633,57,32,165,94720,4,2.7,3,0,1,0,0,1,0
1315,32,6,73,94305,4,2.2,2,0,0,0,0,0,0
193,50,23,85,92122,1,2.67,2,0,0,0,0,1,0
164,28,4,70,91125,4,2.6,1,0,0,0,0,1,0
2334,45,21,61,95812,3,0.7,1,0,0,1,1,1,1
1804,58,32,59,94542,1,1.6,1,0,0,0,0,1,0
1536,61,37,39,92096,4,0.4,1,0,0,0,0,1,1
1979,37,11,32,94612,2,1.4,3,0,0,1,0,1,0
2476,52,26,79,95817,3,0.8,1,183,0,0,0,0,0
2178,31,7,108,94507,1,4,1,0,0,0,0,1,0
1884,56,30,185,91711,1,2.9,1,0,0,0,0,0,0
2208,38,12,180,90245,1,2.8,3,158,1,0,0,1,0
990,42,16,64,94607,3,0.5,3,247,0,0,0,0,0
2361,27,1,85,93302,2,1.6,3,0,0,0,0,0,0
921,27,1,42,94501,3,2.4,2,0,0,0,0,0,0
766,47,21,109,95822,4,1.8,1,0,1,0,0,0,0
1057,36,6,25,95020,1,0.67,3,0,0,0,0,1,0
1787,35,11,34,93117,1,1.5,2,0,0,0,0,0,0
1755,50,24,80,95616,4,4.9,1,0,0,0,0,1,0
1515,44,20,175,96150,2,1.4,1,0,0,0,0,1,1
404,55,30,39,92647,2,1.9,2,0,0,0,0,0,0
930,55,30,22,92121,1,1.5,2,91,0,0,0,0,1
1883,56,32,125,91330,3,0.6,1,342,1,0,1,1,1
855,52,28,90,95814,1,2.6,2,0,0,1,0,1,0
995,32,8,42,90650,1,1.8,2,0,0,0,0,0,0
1026,62,37,50,94545,3,1.5,1,169,0,0,0,1,0
574,55,28,50,95020,3,1,2,0,0,0,0,1,1
950,40,16,45,94720,3,0.6,2,204,0,0,0,1,0
1415,59,33,68,94105,2,2.3,3,128,0,1,0,1,0
2241,41,17,81,92868,4,0.2,3,167,0,1,0,0,0
1030,41,17,20,94720,1,1.4,3,0,0,0,0,1,0
213,46,22,69,91604,2,1.7,1,209,0,0,0,0,0
315,63,37,45,93437,2,0.7,3,0,0,0,0,1,0
2400,62,36,41,90245,2,1,3,154,0,1,0,1,0
1500,52,26,91,92173,1,4.3,2,0,1,0,1,1,1
1483,60,35,8,94143,1,0.1,1,0,0,0,0,1,0
1767,64,38,22,92697,2,0.2,3,0,0,1,0,0,0
2071,62,37,95,91107,3,0.5,1,0,0,0,0,0,0
2464,35,9,44,92009,4,0.2,1,0,0,0,0,1,0
2480,55,30,82,94720,4,3.8,2,0,0,0,0,1,0
1299,38,14,74,90274,1,3.6,2,0,0,0,0,1,1
1279,36,10,74,94305,1,2.5,1,0,0,0,0,0,1
209,40,16,73,94110,4,2.67,1,0,0,0,0,1,1
2315,27,2,112,94501,4,1.8,3,0,0,1,0,1,0
1505,30,6,191,92028,2,4.4,2,0,1,0,0,1,0
108,42,18,43,92037,1,0.7,1,136,0,0,0,0,0
521,61,37,54,90024,4,1.2,2,129,0,0,0,1,1
1050,35,10,23,94501,4,0.2,3,0,0,0,0,1,0
1666,37,12,100,92735,3,1.2,3,341,0,0,0,1,1
274,41,16,65,90095,3,0.5,3,0,0,0,0,1,0
1459,51,25,33,93033,1,1.4,3,0,0,0,0,1,1
791,55,30,58,92028,4,0.9,1,0,0,0,0,1,1
1283,51,26,55,93955,1,1.3,2,236,0,0,0,0,1
100,66,41,15,91711,3,0.1,3,0,0,0,0,1,0
390,45,20,155,90024,1,7,1,0,0,0,0,1,1
1658,31,5,28,94538,3,1,1,0,0,0,0,1,0
719,56,31,21,90024,2,0.2,3,137,0,0,1,1,1
2016,30,5,141,95747,1,0.8,1,0,0,0,0,1,0
2008,48,21,78,94010,3,2,2,0,0,0,0,1,1
1960,50,24,130,95833,1,1,1,0,0,0,0,0,0
1574,44,20,69,92028,1,0.8,3,184,0,0,1,1,1
1352,59,35,84,94588,1,1.8,3,0,0,0,0,1,1
509,47,22,15,95521,2,0.7,3,0,0,0,0,0,0
505,40,10,44,94720,3,2,3,0,0,0,0,1,0
2105,40,14,58,90245,4,0.2,3,0,0,0,0,1,0
55,29,5,44,95819,1,0.2,3,0,0,0,0,1,0
471,32,6,84,91006,4,1.8,2,0,0,0,0,0,0
941,61,36,193,94303,1,4.7,3,203,1,0,0,1,0
1178,28,3,71,90405,1,3.3,2,149,1,1,1,1,0
1539,55,30,34,95820,4,0.1,3,157,0,0,0,1,0
1284,30,6,64,94305,4,3.4,1,117,0,0,0,0,0
798,42,17,61,94998,3,0.5,3,0,0,0,0,1,0
1685,60,34,83,94028,2,2,1,249,0,0,0,0,0
1538,58,34,41,94608,4,1.3,1,0,0,0,0,1,0
531,54,30,21,91706,2,0.2,1,0,0,0,0,0,1
1871,63,37,110,95032,1,4.1,3,0,1,0,0,0,0
618,46,20,74,94024,4,2.6,3,0,0,0,0,1,0
1956,43,17,32,90401,3,0.5,2,0,0,0,0,1,0
324,59,34,99,90034,1,4.4,1,0,1,0,0,0,0
1901,61,36,10,91365,4,0.4,2,0,0,0,0,1,0
785,48,22,98,94115,2,6.3,1,0,0,0,0,0,0
1551,40,14,39,93117,1,2,1,0,0,0,0,1,0
1362,50,26,38,95039,4,0.9,2,0,0,0,0,1,0
2163,39,13,74,95008,3,0.9,2,155,0,0,0,1,0
2018,42,15,14,92064,3,1,2,0,0,1,0,0,0
1791,44,20,43,92124,1,0.3,3,0,0,1,0,0,1
1651,31,6,83,92131,4,2.2,2,106,0,0,0,1,0
416,35,8,38,93106,4,1,2,124,0,0,0,1,0
1796,49,24,70,90024,1,2.9,1,0,0,0,0,0,1
1457,36,11,39,90095,4,1.7,1,0,0,0,0,1,0
2329,27,2,130,92182,3,4.4,1,192,1,0,0,1,0
1227,60,36,14,90089,2,0.3,1,109,0,0,0,1,1
1473,34,8,8,94710,3,0.1,2,83,0,0,0,1,0
994,41,15,185,91775,1,3.6,2,0,1,0,0,0,0
1639,32,7,125,95133,1,0,1,0,0,0,0,1,1
400,28,3,84,90024,4,0.2,1,0,0,0,0,1,1
1702,29,3,108,94304,4,1.8,2,0,0,0,0,0,0
1177,29,3,103,90049,4,3.4,1,0,1,0,0,1,0
441,64,39,59,92626,2,1.5,1,139,0,0,0,1,0
1147,31,7,71,90034,1,0.1,1,78,0,1,0,0,0
836,58,33,142,92691,2,3.9,1,193,0,0,0,1,1
743,32,6,81,92626,1,2.5,1,0,0,0,0,1,0
914,57,32,34,92507,2,2,2,0,0,1,0,0,0
2330,30,4,39,94022,1,1.5,1,0,0,0,0,1,0
913,35,10,78,94105,1,2.6,2,0,0,0,0,1,0
306,60,35,22,91207,1,1.3,1,123,0,0,0,1,0
36,48,24,81,92647,3,0.7,1,0,0,0,0,0,0
185,52,26,63,92717,2,1.5,2,0,0,1,0,1,0
2211,58,33,51,95006,2,1.9,2,0,0,0,0,0,0
757,56,31,82,95348,4,1.3,3,0,0,0,0,1,0
2473,62,36,119,94720,2,2,1,0,0,0,0,0,0
860,63,37,124,92182,3,5,2,170,1,0,0,0,0
1565,64,40,63,94706,4,1.2,2,0,0,0,0,1,0
2024,55,29,55,94720,1,0.2,1,151,0,0,0,1,0
1297,30,6,80,92399,3,1.5,1,219,0,0,0,1,0
2251,46,22,154,93109,1,5,1,0,0,0,0,1,0
1638,30,6,193,94022,3,6.3,3,0,1,0,0,1,0
1886,31,6,19,96001,4,1.1,3,104,0,0,1,1,1
3,39,15,11,94720,1,1,1,0,0,0,0,0,0
169,50,26,13,91320,4,1,1,0,0,0,0,1,0
608,28,3,170,95014,1,0.1,3,0,1,0,0,0,0
61,49,24,39,90404,3,1.7,2,0,0,1,0,1,0
2491,52,28,168,90404,3,6.5,3,118,1,0,0,1,0
653,34,9,92,90005,1,2.8,1,0,0,0,0,1,0
614,60,35,108,94904,1,0.9,1,0,0,1,0,0,0
774,41,16,120,92612,2,3.9,1,0,0,0,0,1,1
1795,56,32,98,91355,3,3.9,3,0,1,0,0,0,0
1970,64,38,115,94105,1,2,1,0,0,0,0,1,1
1323,32,5,48,94022,2,1.67,2,0,0,1,1,1,1
125,39,15,78,92121,4,2.4,1,118,0,0,0,1,0
1333,31,5,21,94309,1,0.4,2,0,0,0,0,1,0
572,35,9,53,94143,4,2.2,2,0,0,0,0,1,0
697,51,27,63,92251,2,1,3,82,0,0,0,1,0
2029,42,17,9,91710,2,0,3,0,0,0,0,0,0
1862,62,38,161,90274,1,2.9,1,0,0,1,1,1,1
1334,62,38,99,95014,4,1.7,2,0,0,0,0,1,0
540,57,32,21,94720,1,0.3,3,117,0,0,0,0,0
703,35,9,109,92709,3,4,1,0,1,0,0,0,0
1400,40,16,69,92009,4,2.4,1,0,0,0,0,1,0
2142,28,4,38,92109,4,1.6,1,0,0,0,0,0,0
301,34,9,70,92843,4,1.3,1,0,0,1,0,0,0
1319,52,26,178,94234,1,1,1,0,0,0,0,0,0
1129,30,5,171,94025,2,1.9,2,0,1,0,0,0,0
1704,65,41,40,94542,3,0.1,3,0,0,0,0,1,0
2268,38,13,168,92647,2,1.3,3,0,1,0,0,0,0
1547,33,9,105,95136,1,4,1,0,0,0,0,1,0
942,38,13,129,92093,4,4.4,1,140,1,0,0,0,0
1127,32,8,104,95192,2,3.7,1,0,1,0,0,0,1
2191,27,3,110,96150,2,0.2,1,294,0,1,0,0,1
1479,65,39,160,94803,4,3.8,1,237,1,0,0,1,0
1021,54,29,29,90071,1,1.5,2,97,0,0,0,1,0
1300,50,25,14,95762,2,0.7,3,0,0,1,0,1,0
251,30,6,29,94305,3,1,2,117,0,0,0,0,0
819,51,27,42,95039,4,1.1,2,0,0,0,0,1,1
997,33,6,49,92037,2,1.67,2,214,0,0,0,0,0
1140,55,28,38,95616,3,1,2,0,0,0,0,1,0
957,37,11,43,90250,1,2,1,0,0,0,0,1,0
639,42,16,35,92054,3,1.5,1,0,0,0,0,0,0
1748,29,5,21,90717,4,0.4,2,89,0,0,0,0,1
1441,42,15,41,94610,3,2.5,2,0,0,0,0,1,0
1242,64,38,39,92120,1,0.5,3,0,0,1,1,1,1
1636,49,24,70,91330,1,2.9,1,0,0,0,0,0,0
1989,52,28,18,91301,1,0.3,1,120,0,0,0,1,0
1142,32,7,143,91365,3,2.9,3,0,1,0,0,1,0
2109,56,32,85,94132,3,2.67,1,0,0,1,0,1,0
537,25,-1,43,92173,3,2.4,2,176,0,0,0,1,0
415,52,28,41,94309,3,1.9,2,0,0,0,0,0,1
2221,65,40,80,94105,1,0.8,3,0,0,0,0,1,0
701,37,11,84,90089,2,1.8,1,0,0,0,0,1,1
414,32,7,42,92407,3,2.3,1,0,0,0,0,1,0
2256,33,9,79,94612,1,0.1,1,0,0,0,0,1,0
1274,60,35,130,95741,3,6.3,3,437,1,0,1,1,1
558,39,15,118,95039,2,1.9,1,0,0,0,0,0,1
1183,28,2,19,94720,4,0.4,1,0,0,0,0,1,1
2130,35,10,58,91754,4,0.7,3,232,0,0,0,0,0
497,50,24,83,94301,2,0.4,3,0,0,0,0,1,0
1942,43,19,58,95307,2,3.2,1,0,0,0,0,1,0
2437,53,29,39,92626,3,1.5,1,0,0,0,0,1,0
705,56,32,129,94065,1,7.4,1,0,0,0,0,0,0
1348,60,34,85,91367,2,2,1,0,0,0,0,1,0
2435,38,12,93,95616,1,5.2,1,267,0,0,0,1,0
2164,33,3,69,92161,4,1.8,3,0,0,0,0,1,0
718,59,34,94,93940,3,0.5,1,0,0,0,0,0,1
811,32,6,41,92182,2,2,3,0,0,0,0,0,0
40,38,13,80,94115,4,0.7,3,285,0,0,0,1,0
1340,52,25,180,94545,2,9,2,297,1,0,0,1,0
1709,46,20,12,90250,4,0.6,3,0,0,0,0,0,1
1259,34,8,31,91203,1,0.3,1,104,0,0,0,1,1
1135,39,14,42,95616,1,2.5,3,0,0,0,0,1,0
15,67,41,112,91741,1,2,1,0,0,1,0,0,0
2488,45,20,40,92886,1,0.5,3,0,0,1,0,1,0
380,25,0,28,92093,2,1.7,2,0,0,0,0,0,0
1873,43,17,98,94402,3,1.1,1,0,0,0,0,0,0
307,55,29,79,92373,3,0.8,1,0,0,0,0,1,1
1643,27,3,84,95814,3,1.5,1,0,0,0,0,1,1
934,50,23,9,92064,2,1,2,0,0,0,0,1,0
1730,50,20,25,91320,4,0.4,3,0,0,0,0,1,0
1532,39,13,25,90304,4,1.5,3,0,0,0,0,1,0
546,43,19,28,94303,4,0.3,1,87,0,0,0,0,0
721,58,32,38,94025,1,2.2,3,0,0,0,0,0,0
33,53,28,41,94801,2,0.6,3,193,0,0,0,0,0
660,63,39,79,93009,4,1.7,2,0,0,0,0,1,1
376,33,7,90,92346,3,1.6,1,0,0,0,0,1,0
1972,42,17,72,95616,4,1.1,2,203,0,0,0,0,1
1076,41,15,59,90024,4,0.2,3,0,0,0,0,0,0
1038,35,11,40,93106,1,2.4,2,0,0,1,0,1,0
946,57,32,33,91745,1,1.5,2,0,0,0,0,1,0
2285,47,23,22,94901,4,0.6,1,0,0,0,0,1,1
508,64,40,32,91380,3,0.1,3,0,0,0,0,1,0
1909,50,26,22,92037,4,0.5,2,112,0,0,0,1,0
1247,48,22,59,91775,1,1.4,3,241,0,0,0,1,0
70,53,29,20,90045,4,0.2,1,0,0,0,0,1,0
954,51,26,28,92130,4,0.2,2,0,0,1,0,1,0
2261,39,14,15,93561,2,0.3,2,92,0,0,0,0,0
731,43,18,140,95616,1,7,1,205,0,0,0,1,0
898,62,37,21,92691,4,0.4,2,137,0,0,0,1,1
2184,34,8,29,90025,2,2,3,0,0,0,0,1,1
368,32,8,98,95054,2,2,2,175,0,0,0,1,0
1962,52,26,114,94304,1,4.9,1,0,0,0,0,0,0
1063,47,21,83,92220,1,3.8,1,97,1,0,0,0,0
606,57,31,41,91330,1,0.2,1,0,0,0,0,1,1
662,63,38,52,94720,2,2.8,1,0,0,0,0,1,0
224,55,25,41,95014,3,1,3,0,0,0,0,1,0
961,46,22,144,93611,2,3.3,1,0,0,0,0,1,1
1879,56,30,59,95833,3,0.8,1,159,0,1,0,1,0
1560,59,35,102,92677,4,3,2,115,1,0,0,1,0
2231,36,11,183,94704,1,3,3,0,1,0,1,1,1
1326,50,24,79,94304,1,0.3,1,120,0,0,0,1,0
1554,46,22,83,95616,3,0.7,1,0,0,0,0,0,0
262,42,16,111,93106,2,1.2,3,251,1,0,0,1,0
316,24,-2,51,90630,3,0.3,3,0,0,0,0,1,0
1101,42,16,13,91711,1,0.2,1,0,0,0,0,1,0
1368,62,38,42,95747,3,0.1,3,149,0,0,0,0,1
386,35,9,40,93943,3,0.9,1,0,0,0,0,1,0
346,51,27,12,92192,4,0.5,2,78,0,1,0,1,0
804,52,27,62,92661,4,1.8,3,82,0,0,0,0,0
644,45,21,152,91902,2,1.4,1,0,0,0,0,1,0
830,55,30,81,90254,4,3.8,2,0,0,0,0,1,0
1130,30,4,73,94305,3,3.3,1,0,1,0,1,1,1
756,56,30,45,91103,4,0.7,2,0,0,0,0,0,1
1149,41,15,108,90034,1,5.2,1,0,0,0,0,0,0
218,39,14,74,94305,3,3,1,0,0,0,0,0,0
2225,38,12,29,92084,2,1.4,3,0,0,0,0,1,0
1380,62,37,162,95051,1,1.3,1,0,0,0,0,1,0
1148,37,13,111,91367,1,0.8,2,0,0,0,0,0,0
2477,54,28,30,95616,4,0.7,2,0,0,0,0,1,0
569,34,9,41,92101,2,0.1,1,161,0,0,0,1,1
1845,65,40,21,92717,3,0.1,3,0,0,0,0,0,1
102,61,36,30,94608,3,1.3,2,0,0,0,0,0,0
763,32,6,85,90504,1,2.7,2,100,0,0,0,1,0
1542,61,35,154,92704,2,6.9,1,0,0,0,0,0,0
445,64,40,91,93106,2,0,3,0,0,0,0,1,1
343,43,19,118,91304,2,3.3,1,0,0,0,0,0,1
2201,50,25,29,90095,2,1.3,1,0,0,0,0,0,0
801,31,7,173,91040,1,6,1,0,0,0,0,1,0
472,50,24,30,91768,4,0.1,1,161,0,0,0,1,1
1943,61,36,29,90210,2,0.5,2,0,0,0,0,1,0
2461,31,5,32,92123,2,0.3,2,130,0,0,0,1,0
1949,39,15,62,93955,4,2.4,1,86,0,0,0,0,0
97,41,15,80,95014,1,5.2,1,0,0,0,0,0,0
2020,43,17,44,94611,1,0.2,1,0,0,1,1,1,0
1307,34,9,31,94115,4,1.1,3,0,0,0,0,1,1
2106,31,5,49,94114,4,1.8,3,0,0,0,0,1,1
1196,32,7,123,92407,2,2.9,2,0,1,0,0,1,0
925,55,30,32,91330,4,0.1,3,0,0,1,0,0,0
704,41,17,141,94022,2,7.6,1,92,0,0,0,0,0
2297,27,3,82,94305,2,0.2,1,0,0,0,0,0,1
792,55,29,65,94501,4,2.8,2,0,0,0,0,1,0
1218,44,20,122,94305,1,0.3,1,0,0,0,0,1,0
299,43,19,81,92069,2,3.2,1,0,0,0,0,0,0
1665,61,35,63,91605,1,1.6,1,0,0,0,0,1,0
2372,32,6,111,95014,2,1.5,3,0,0,0,0,0,0
1168,37,12,190,92354,2,3,1,475,0,0,0,1,0
2423,58,32,163,95014,2,0.5,1,400,0,0,0,0,0
2041,41,16,91,94720,3,0.5,3,0,0,0,0,0,0
2123,55,29,64,93437,3,0.8,1,119,0,0,0,0,1
248,53,29,120,92626,4,2.7,2,111,1,1,1,1,0
1935,44,20,69,95814,1,0.8,3,0,0,0,0,1,1
1065,41,17,138,95008,3,6.9,2,0,1,0,0,1,0
365,54,24,29,92028,3,1,3,148,0,0,0,0,1
630,45,19,71,91711,4,2.9,1,218,0,0,1,1,1
609,27,2,55,91910,4,1.7,2,0,0,0,0,1,0
1052,33,7,54,92886,4,0.2,1,141,0,1,0,0,0
783,54,30,194,92056,3,6,3,587,1,1,1,1,1
854,27,2,155,95138,1,0.8,1,0,0,0,0,0,0
473,43,19,31,90007,4,0.3,1,156,0,0,0,1,0
1143,44,20,75,91335,4,1.9,1,0,0,0,0,0,0
28,46,20,158,90064,1,2.4,1,0,0,0,0,1,1
238,62,38,83,92521,1,1.8,3,0,0,0,0,1,0
2233,59,33,140,95035,2,0.5,1,262,0,0,0,1,0
1320,32,6,35,94005,2,0.3,1,0,0,0,0,0,1
1062,47,22,33,91105,1,1.4,3,0,0,0,0,1,0
393,54,29,48,91709,4,1.8,3,0,0,0,0,1,0
1701,43,16,71,90089,3,2.33,2,0,0,0,0,0,0
2000,48,22,80,93940,2,2.4,2,0,0,0,0,1,0
77,58,32,12,91320,3,0.3,3,0,0,0,0,0,0
1835,41,16,23,94143,2,0.3,2,118,0,0,0,0,0
1031,61,35,112,90024,4,1.7,3,0,0,0,0,0,1
2113,27,2,103,93117,1,1.9,1,120,0,0,0,1,0
2079,35,11,21,95814,2,1,2,0,0,0,0,0,0
545,35,10,164,91614,2,7.8,1,0,0,0,0,1,0
800,29,3,39,95051,4,2.1,3,0,0,0,0,1,0
1081,47,22,24,90717,4,0.4,2,142,0,0,0,1,0
1167,30,5,112,91711,4,5,2,0,1,0,0,0,1
1110,65,41,121,92126,2,2.1,1,0,0,0,0,1,0
1016,60,34,62,94303,1,0.8,2,0,0,0,0,0,0
1615,47,23,89,94920,1,2.6,2,0,0,1,1,1,1
482,33,9,53,94063,1,1.2,1,0,0,0,0,0,1
637,40,16,120,92037,2,6.1,1,196,0,0,0,1,0
2159,50,25,83,94720,4,3.1,1,0,1,0,0,0,1
659,52,26,35,91711,3,0.9,3,0,0,0,0,0,0
2078,34,9,160,94108,4,8,3,0,1,0,0,0,1
127,31,5,115,92096,2,1.3,1,101,0,0,0,1,1
2337,34,8,99,93460,2,4.5,3,217,0,0,0,0,0
1159,41,16,99,92660,1,1,3,0,0,0,0,1,0
2259,59,33,93,91320,2,0.7,2,0,0,0,0,0,0
741,52,27,195,90266,1,8.1,1,0,0,0,0,0,0
71,42,18,115,91335,1,3.5,1,0,0,0,0,0,1
406,36,11,133,90245,1,3.8,1,290,0,1,1,1,1
920,51,27,88,91116,1,2.6,2,0,0,1,0,0,1
407,45,19,125,92354,1,2.4,1,0,0,0,0,0,0
696,29,4,115,92717,1,1.9,1,0,0,0,0,0,0
222,45,19,83,95051,2,1.7,2,0,0,0,0,1,0
2275,40,15,21,90034,2,0,3,0,0,0,0,1,0
810,54,29,111,94304,1,0.1,3,0,0,0,0,0,1
2466,58,34,25,90059,2,0.3,1,123,0,0,0,1,0
711,43,17,59,94085,3,0.9,3,87,0,0,0,1,1
532,32,6,50,90401,4,2.1,3,0,0,1,1,1,1
1203,35,11,24,95521,4,0.4,2,0,0,0,0,0,0
489,37,13,43,94122,3,2.8,1,0,0,0,0,1,0
1386,57,31,82,95032,2,2,1,83,0,0,0,0,1
1986,31,7,31,94920,4,0.4,2,79,0,0,0,0,0
878,35,11,59,95123,4,0.1,2,0,0,0,0,0,0
652,28,4,58,92121,3,1.5,1,131,0,0,0,0,0
588,50,24,94,93305,1,4.9,1,272,0,0,0,1,0
782,56,32,158,94588,3,3.7,3,0,1,0,0,1,0
1104,38,14,49,90037,1,1.8,1,0,0,0,0,0,0
458,29,3,69,94303,3,0.3,3,0,0,0,0,0,0
720,61,35,110,92521,3,4.4,1,0,0,1,0,1,0
778,55,31,12,95060,2,0.2,1,76,0,0,0,1,1
2450,31,7,64,94720,1,1.2,1,0,0,0,0,1,0
927,33,9,22,93940,4,0.4,2,103,0,0,0,1,0
2316,52,26,182,95818,2,1.4,2,0,1,0,0,1,0
1836,47,23,171,94546,2,1.4,1,284,0,0,0,1,1
1376,50,26,179,92612,1,2.9,3,0,1,0,0,0,1
1969,54,24,49,91801,1,1.4,3,0,0,0,0,1,0
692,45,18,48,90025,3,2.5,2,113,0,0,0,1,1
2300,62,37,15,94583,3,0.1,3,91,0,0,0,0,0
2283,38,14,90,94110,2,2.7,1,0,0,0,0,1,1
2475,64,38,40,92122,2,1,3,0,0,0,0,0,0
2054,58,32,85,92110,2,2,1,161,0,1,1,1,1
2443,39,15,41,90028,2,1.7,1,0,0,0,0,0,0
2001,28,2,22,95670,1,0.1,2,0,0,0,0,1,0
2049,28,4,43,94803,1,1.8,2,0,0,0,0,1,1
2223,45,20,41,95008,1,0.3,1,0,0,0,0,1,0
1985,26,1,55,92630,4,1.7,2,175,0,0,0,1,0
940,56,32,8,93943,2,0.3,1,0,0,0,0,1,1
951,32,6,112,95054,4,1.8,2,0,0,0,0,1,0
1286,38,13,113,94720,4,1.7,2,0,1,0,0,0,1
2038,35,8,52,95616,2,1,2,0,0,0,0,0,1
1027,28,4,43,95616,3,0.1,2,0,0,0,0,1,0
1241,52,27,15,91320,4,0.8,1,101,0,0,0,0,0
1833,54,29,79,91330,4,3.8,2,0,0,1,0,1,0
54,50,26,190,90245,3,2.1,3,240,1,0,0,1,0
1055,63,38,8,95136,4,0.6,2,0,0,0,0,1,0
625,33,6,54,92821,2,1.67,2,122,0,0,0,1,0
1236,54,28,60,94110,4,2.6,3,0,0,0,0,0,0
1991,32,8,29,92807,1,0.2,3,76,0,0,0,1,1
314,34,9,41,93720,3,2.3,1,0,0,0,0,0,1
1084,28,3,65,95014,3,2.6,3,0,0,1,0,0,0
769,43,19,72,90024,2,1.7,1,0,0,0,0,1,0
480,60,36,132,92154,2,6,1,470,0,0,0,1,1
321,60,34,64,90266,1,0.8,2,248,0,0,0,0,0
227,24,-1,39,94085,2,1.7,2,0,0,0,0,0,0
145,49,23,70,92093,2,1.5,2,0,0,0,0,0,0
486,60,34,15,95014,1,0.8,2,0,0,0,0,1,0
1064,56,30,39,90024,3,1.4,1,131,0,0,0,0,1
577,25,-1,48,92870,3,0.3,3,0,0,0,0,0,1
1445,60,33,154,90740,1,3,2,0,1,1,1,1,0
397,50,24,29,93023,4,0.1,1,0,0,0,0,0,0
1312,37,11,35,90044,2,0.8,3,125,0,0,0,0,0
1682,32,8,141,90005,2,4.33,1,0,0,0,0,0,0
979,52,26,68,92068,1,0.8,3,0,0,0,0,1,1
895,29,4,59,95064,4,2.2,1,232,0,0,0,1,1
361,35,10,55,94539,4,1.3,1,0,0,0,0,0,0
1485,55,30,40,94126,2,2.3,3,0,0,1,0,1,0
2456,34,8,164,94720,4,7.4,3,0,1,0,0,1,0
140,59,35,18,93305,1,1.2,3,0,0,0,0,1,0
104,43,18,22,95670,2,0.3,2,0,0,0,0,1,0
134,30,4,39,90245,3,1.1,2,0,0,0,0,1,0
352,28,4,155,92182,4,5.3,2,0,1,0,0,1,0
2036,36,10,29,93065,4,1,1,0,0,0,0,1,1
2144,56,31,65,92093,3,1.7,1,109,0,0,0,0,0
355,44,20,173,90277,2,1.4,1,419,0,0,0,1,0
413,45,20,89,93311,4,1.9,3,0,0,0,0,1,0
2348,64,39,8,92104,3,0.1,3,87,0,0,0,0,1
2177,41,14,51,91320,3,2.33,2,0,0,0,0,1,0
2371,33,7,51,94040,4,2.1,3,0,0,0,0,0,1
1049,62,37,90,95747,3,0.5,1,0,0,0,0,1,0
563,28,3,85,94035,1,0.8,2,0,0,0,0,1,1
2093,53,23,19,92673,4,0.4,3,84,0,0,0,1,0
1933,64,39,73,90073,3,2.4,1,185,0,0,0,0,0
904,43,18,59,90048,1,2.4,1,250,0,0,0,1,0
1645,59,35,33,91355,4,0.4,1,131,0,0,0,0,1
391,45,19,45,92521,1,0.2,1,0,0,0,0,1,0
2042,45,20,180,95403,3,8.5,2,535,1,0,0,0,0
2137,50,26,115,95008,1,1.2,3,0,1,0,0,0,1
2207,33,7,48,92831,4,2.2,2,207,0,0,0,0,0
547,27,2,68,94025,3,2.6,3,203,0,1,0,0,0
1508,43,18,50,91006,4,1.9,3,0,0,0,0,0,0
1448,52,28,145,94131,2,6.8,1,0,0,0,0,1,0
476,43,19,152,92008,3,6.1,2,0,1,0,0,0,0
1024,45,20,109,94117,1,7,1,366,0,0,0,1,0
1958,29,4,121,90028,2,3.3,1,0,0,0,0,1,0
1351,29,2,29,90266,4,1.5,2,0,0,0,0,0,1
1930,44,19,30,94501,1,0.6,3,0,0,0,0,1,0
2497,63,37,32,93117,3,0.7,2,141,0,0,0,0,0
2484,44,18,68,93943,4,2.9,1,0,0,1,0,0,0
1157,49,25,13,94305,4,0.2,1,87,0,0,0,0,0
561,43,18,59,93943,1,3.7,3,0,0,0,0,1,0
1393,47,23,33,90095,1,1,1,0,0,0,0,1,1
474,64,39,182,93955,1,1.2,2,547,1,0,0,1,0
2094,48,23,75,94111,4,3.6,3,0,0,0,0,1,1
265,45,19,38,90840,2,0.7,1,0,0,0,0,0,0
1424,55,30,64,90250,2,2.3,3,0,0,0,0,0,0
1404,32,6,51,93109,4,0.2,1,154,0,1,0,0,1
460,35,10,200,91107,2,3,1,458,0,0,0,0,0
2156,62,38,154,94305,1,2.9,1,0,0,0,0,1,0
1816,65,39,18,94923,2,0.4,1,0,0,1,1,1,1
2153,62,38,30,94304,3,0.1,3,128,0,0,0,1,0
2446,47,23,25,93106,1,0.9,3,0,0,0,0,1,0
1039,56,30,145,95831,4,5.7,2,0,1,0,1,1,1
1449,41,16,49,92122,3,0.5,3,0,0,0,0,1,0
1482,35,9,179,91125,2,0,1,76,0,1,0,1,0
338,57,27,68,94117,1,1.4,3,0,0,0,0,1,0
1331,34,9,64,92346,2,0.1,1,224,0,0,0,1,1
96,38,12,48,95617,4,0.2,3,0,0,0,0,1,0
1394,62,37,55,95039,3,0.9,3,0,0,0,0,1,0
284,61,36,40,90029,3,0.5,2,0,0,1,0,1,0
1068,50,24,195,95035,1,1.7,1,0,0,0,0,0,0
1085,60,35,191,93407,4,5.6,3,0,1,0,0,0,0
241,51,26,70,90089,1,1.2,1,169,0,0,0,0,0
1534,62,37,155,93943,1,1.3,1,0,0,0,0,0,0
542,30,6,141,95014,2,4.33,1,0,0,0,0,0,0
2359,53,27,63,93109,2,0.8,3,0,0,1,0,1,0
232,35,10,61,94304,4,2.1,3,0,0,0,0,1,0
848,40,14,73,94539,1,1.5,3,252,0,0,0,1,0
1907,42,17,98,92866,2,0.4,1,275,0,0,0,1,0
144,25,1,54,94117,4,1.6,1,0,0,0,0,1,1
1720,36,12,188,91304,2,6.5,1,0,0,0,0,1,1
945,41,15,22,90503,4,1.5,3,0,0,0,0,0,1
1604,36,6,138,92152,1,7,3,86,1,0,0,1,0
502,50,26,39,90640,3,1.9,2,0,0,0,0,1,0
1029,29,4,110,92096,4,2.5,3,0,1,0,0,0,0
453,39,13,21,94022,3,0.2,2,0,0,0,0,0,0
1048,55,31,73,94143,4,1.6,2,0,0,0,0,0,0
803,36,12,51,92521,3,2,1,214,0,0,0,1,0
970,41,15,58,94704,3,0.5,3,0,0,0,0,1,0
1193,45,20,138,92870,1,7,1,0,0,0,0,0,1
1308,26,2,195,94546,1,6.33,1,0,0,0,0,1,1
1,25,1,49,91107,4,1.6,1,0,0,1,0,0,0
2189,29,4,9,92037,4,0.5,3,86,0,0,0,1,1
2349,51,25,85,94015,4,4.9,1,0,0,0,0,1,1
2010,25,0,99,92735,1,1.9,1,323,0,0,0,0,0
506,36,12,69,94305,3,3.1,2,0,1,0,0,1,0
80,50,26,19,94720,2,0.4,1,118,0,0,0,1,0
1654,26,1,24,96651,2,0.9,3,123,0,0,0,0,1
1741,45,20,59,95008,1,2.4,1,0,0,1,1,1,0
2299,48,24,9,92630,4,0.5,2,0,0,0,0,0,1
1590,57,32,124,90049,1,0.2,2,0,1,0,0,1,0
2493,28,3,134,96091,2,3.1,1,0,0,0,0,1,0
2196,51,27,33,92037,4,0.2,1,83,0,0,0,1,0
1661,37,11,34,95747,3,0.9,1,0,0,0,0,1,0
595,50,26,85,94143,1,0,1,144,0,0,0,0,0
1261,57,31,40,91107,3,1.4,3,137,0,0,0,1,1
865,28,2,10,94080,1,0.1,2,0,0,0,0,1,0
331,54,30,78,92374,4,1,2,0,0,0,0,1,0
748,57,32,21,94112,3,0.1,2,0,0,1,1,1,0
677,47,23,11,94063,1,0.9,3,103,0,0,0,0,1
790,29,3,31,92126,4,0.3,2,0,0,0,0,1,0
234,62,37,58,91320,4,1.7,1,0,0,0,0,1,0
1743,64,38,42,95929,2,0.7,3,137,0,0,0,1,0
1876,27,3,112,90066,3,2.5,1,389,0,1,0,1,0
231,47,22,92,94720,1,2.8,2,0,0,0,0,1,0
2422,43,19,40,94949,3,0.6,2,0,0,0,0,1,0
1087,63,37,40,94024,2,1,3,167,0,0,0,0,0
154,60,36,22,94551,2,1,1,0,0,1,1,1,1
2183,40,14,22,94566,2,1.4,3,0,0,0,0,0,0
2428,29,5,34,92675,4,0.4,2,0,0,0,0,1,0
2402,42,17,63,95814,2,2.2,3,0,0,0,0,1,0
2104,37,13,153,90630,2,6.5,1,0,0,0,0,1,1
938,38,13,62,92093,3,0.7,2,0,0,1,0,1,0
772,42,18,71,91614,3,2.33,1,106,0,1,0,1,0
2206,63,37,101,95819,2,2.8,1,0,0,0,0,0,0
1037,53,28,55,94720,4,0.9,1,119,0,0,0,1,1
119,41,16,73,92647,3,3,1,0,0,0,0,1,0
1513,53,28,44,91604,3,1.7,1,0,0,0,0,0,0
2444,28,3,161,92646,4,1.7,3,422,1,0,1,1,1
2363,40,15,31,94720,1,0.6,3,0,0,0,0,1,0
1610,66,41,105,93023,1,0.8,3,0,0,1,1,1,1
1443,39,13,71,95822,3,0.1,1,162,0,1,0,1,0
714,34,9,84,92009,3,0.6,2,0,0,0,0,1,0
1953,30,5,78,92037,1,2.6,2,0,0,0,0,1,0
2390,27,1,41,90033,1,1.9,3,0,0,0,0,0,1
2320,34,9,198,95819,2,3,1,422,0,0,0,1,0
802,47,23,8,92612,4,0.2,1,0,0,0,0,1,0
1686,40,16,89,90011,4,0.8,1,155,0,0,0,1,0
1971,27,3,148,92780,1,1.5,1,397,0,0,0,1,1
553,28,3,52,90024,4,2.2,1,230,0,0,0,1,0
929,35,10,74,90638,4,1.3,1,0,0,0,0,1,0
525,24,-1,75,93014,4,0.2,1,0,0,0,0,1,0
297,34,9,122,90623,1,0,1,0,0,0,0,1,0
68,53,23,45,95123,4,2,3,132,0,1,0,0,0
874,24,0,88,90740,3,0.8,1,134,0,0,0,0,0
2084,31,7,38,94025,1,0.2,3,0,0,0,0,1,0
1430,31,5,35,95064,1,0.6,3,171,0,0,0,0,0
1999,56,32,103,94111,3,4,3,0,1,0,0,0,0
2176,37,12,160,94305,2,3.3,1,0,0,0,0,0,0
906,46,22,28,94720,1,1,1,84,0,0,0,1,1
1166,43,19,113,91203,1,1.7,1,0,0,0,0,0,0
2190,48,23,128,94309,1,0.6,1,0,0,0,0,1,1
1731,41,17,51,94402,2,0.6,3,0,0,0,0,0,1
807,53,27,44,94542,4,1.5,3,0,0,0,0,0,0
1929,58,34,35,94122,1,1.2,3,0,0,0,0,1,0
1646,56,32,89,92096,4,1,2,90,0,1,0,1,0
1360,64,40,171,90034,2,2.1,1,433,0,0,0,0,0
1612,58,32,75,92096,2,2.3,3,0,0,0,0,0,0
823,61,35,60,96091,3,1.4,3,0,0,0,0,0,0
1978,41,15,54,94303,3,0.5,3,0,0,0,0,1,1
884,51,26,78,92703,1,1.2,1,305,0,0,0,1,0
2099,59,35,94,90089,1,3.8,1,272,0,0,0,0,0
2336,37,13,59,93907,1,3.6,2,0,0,0,0,0,0
2395,42,18,145,94065,2,8,1,505,0,0,0,0,0
2474,57,32,39,92182,4,0.9,1,147,0,0,0,0,0
93,43,19,34,94305,3,0.6,2,0,0,0,0,0,0
1656,35,11,53,91355,3,2.8,1,0,0,0,0,0,0
610,37,11,24,91770,4,1.5,3,0,0,0,0,0,0
117,54,29,35,92831,1,1.5,2,0,0,0,0,1,0
2499,38,14,111,92028,2,6.1,1,326,0,0,0,0,0
628,45,19,70,92677,3,2.1,1,0,0,0,0,1,0
1640,56,31,68,94571,2,0,3,0,0,1,0,1,0
1121,34,8,38,94304,2,2,3,0,0,0,0,1,1
579,46,19,49,92124,3,2.5,2,0,0,0,0,1,1
959,55,29,78,90747,4,2.6,3,0,0,0,0,0,1
1649,47,21,85,93106,2,1.7,2,0,0,0,0,0,1
1138,51,26,134,90230,4,4.5,3,0,1,1,1,1,0
991,34,10,81,94002,4,3.4,1,0,0,0,0,1,0
867,44,20,70,94611,4,1.9,1,0,0,0,0,1,0
666,54,24,61,92866,4,2,3,0,0,1,0,1,0
656,50,25,13,91109,2,0.7,3,0,0,0,0,0,0
524,56,31,39,93023,4,0.9,1,0,0,0,0,0,0
2314,58,32,54,94035,3,0.3,2,0,0,0,0,1,1
861,57,31,30,95841,2,0.7,2,145,0,0,0,0,0
421,47,22,58,93105,4,3.6,3,0,0,0,0,1,1
217,27,3,125,95521,2,0.6,1,0,0,0,0,0,0
2296,53,23,39,92101,3,1,3,87,0,0,0,1,0
2440,51,25,30,91116,3,0.6,2,144,0,0,0,0,1
552,59,34,14,93118,1,0.1,1,0,0,0,0,1,1
87,40,16,42,94501,4,2.2,2,126,0,0,0,0,0
885,38,13,55,91709,2,1.1,2,0,0,0,0,1,0
175,42,17,168,95503,2,7.9,2,0,1,0,0,1,0
899,57,32,63,94111,4,0.7,1,0,0,0,0,1,0
2194,45,19,25,94609,2,0.1,3,102,0,0,0,1,0
1102,42,17,95,90095,3,0.5,3,0,0,0,0,0,0
1655,60,34,102,94305,2,2,1,0,0,0,0,1,1
1687,62,38,39,96003,4,2.2,1,0,0,1,0,1,0
317,57,31,165,95054,1,1.6,2,0,1,0,0,1,0
2181,58,33,42,91380,2,1.6,3,0,0,0,0,1,0
1225,59,35,45,94920,1,1.8,3,0,0,0,0,1,0
2449,51,26,42,92103,2,0.6,3,0,0,0,0,1,1
1494,58,34,84,91380,2,2.8,1,0,0,0,0,1,1
777,50,26,135,92121,2,4.6,3,91,1,0,0,1,0
2057,33,8,20,92691,3,1.3,1,83,0,0,0,0,1
354,53,29,55,95818,4,1.1,2,0,0,0,0,1,0
167,25,1,21,95827,3,1,2,0,0,0,0,0,0
146,59,35,124,90007,1,7.4,1,0,0,0,0,0,1
1099,46,20,114,90720,1,0,1,0,0,0,0,1,1
826,37,11,34,95616,3,0.2,2,0,0,0,0,0,0
1714,44,20,15,90405,1,1,1,0,0,0,0,1,0
2061,54,29,34,92093,4,0.1,3,0,0,0,0,1,1
1374,60,35,135,92612,3,0.3,3,0,1,0,0,1,0
1461,40,16,85,92677,4,0.2,3,0,0,0,0,1,1
1932,28,2,140,92122,2,2,1,0,0,0,0,1,0
2286,48,22,114,92007,1,2.4,3,0,1,0,0,1,0
1824,33,8,125,91320,1,0,1,0,0,0,0,1,1
430,37,13,78,94998,4,0.1,2,0,0,0,0,1,0
1620,45,21,29,90005,1,0.3,3,0,0,0,0,1,0
153,57,32,24,93117,1,1.3,1,0,0,0,0,1,1
617,40,14,33,94025,2,1.4,3,0,0,0,0,1,1
1491,30,4,18,95020,4,0.3,2,0,0,0,0,1,1
177,52,25,44,93111,3,1,2,135,0,0,0,1,0
1226,30,6,118,94534,2,2.8,2,0,1,0,0,0,0
212,44,18,55,94720,1,0.2,1,0,0,0,0,0,0
590,31,7,128,92821,1,6,1,0,0,0,0,0,0
1965,34,10,34,95060,1,1.5,2,111,0,0,0,0,1
1648,35,5,68,90509,4,1.8,3,0,0,0,0,0,0
2199,59,35,58,91355,1,0,2,0,0,0,0,1,0
320,65,39,20,90034,3,0.7,2,0,0,0,0,0,1
2386,43,17,125,94720,4,3.5,2,0,1,0,0,0,0
2471,33,7,81,92122,2,4.5,3,187,0,0,1,1,1
1866,36,6,90,91342,4,1.8,3,0,0,1,0,0,0
279,50,26,21,91125,4,1,1,0,0,0,0,1,0
932,27,3,43,91302,1,1,3,0,0,0,0,1,0
1383,34,8,82,91775,2,1.8,1,178,0,0,0,1,1
2303,42,17,155,92806,1,7,1,0,0,0,0,0,1
992,40,14,28,94025,4,1.5,3,0,0,0,0,0,1
722,49,24,39,92717,1,1.4,3,0,0,0,0,1,0
849,57,32,19,94720,4,0.9,2,0,0,0,0,1,0
1469,45,18,78,92129,3,2.67,2,0,0,0,0,1,0
385,51,25,21,9307,4,0.6,3,0,0,0,0,1,1
685,43,17,164,90266,1,2.4,1,449,0,0,0,1,0
2469,49,23,133,94304,1,7.3,1,0,0,0,0,1,1
300,41,15,159,90057,1,5.5,3,0,1,0,1,1,0
2140,57,32,113,91768,1,0.1,3,0,0,0,0,1,0
1097,43,18,29,90245,1,0.3,3,0,0,0,0,1,0
1992,46,22,30,90747,3,0.5,1,0,0,0,0,0,0
1976,29,3,113,94132,2,0.2,1,0,0,0,0,1,1
1964,62,38,50,94539,2,1.1,1,0,0,0,0,0,1
1734,40,16,125,95125,2,2.2,1,0,0,0,0,1,0
1703,56,30,122,93555,2,0.5,1,0,0,0,0,0,1
2234,59,35,39,92028,1,1.8,3,0,0,0,0,1,0
1260,52,27,35,95616,4,0.2,2,0,0,0,0,1,0
2116,57,31,30,95070,3,1.4,1,0,0,0,0,0,0
170,27,1,112,90503,4,2.1,3,0,0,0,0,0,1
1578,34,8,65,92093,1,3,1,227,1,0,0,1,0
468,45,20,39,90232,1,2.4,1,0,0,0,0,0,1
2200,49,24,51,91016,1,1.3,2,98,0,0,0,0,1
233,46,19,38,94122,3,2.5,2,135,0,0,0,0,0
916,53,28,184,94550,1,8.1,1,303,0,0,0,1,0
1827,59,33,35,91105,1,0.2,1,171,0,0,0,0,0
765,37,13,89,95051,2,1.7,2,314,0,0,0,0,1
2003,30,4,142,92126,3,4.2,1,359,1,0,0,0,0
669,66,41,18,94010,3,0.5,1,0,0,0,0,0,0
1474,65,35,23,91711,1,1.5,3,0,0,0,0,1,0
437,61,35,50,92122,3,1.4,3,112,0,0,0,1,0
1721,52,28,8,95060,1,0.3,1,0,0,0,0,1,0
845,47,23,71,95762,1,0.8,3,127,0,0,0,1,0
1724,39,15,55,95821,1,1.5,3,0,0,0,0,1,0
964,39,14,24,94305,2,0.3,2,0,0,0,0,0,0
918,45,20,200,90405,2,8.8,1,0,0,0,0,1,1
2066,29,5,83,92354,3,1.5,1,0,0,0,0,1,1
1447,29,4,22,92661,2,0.9,3,110,0,0,0,0,0
2205,63,37,20,94704,2,0.4,1,76,0,0,0,0,0
1510,56,26,92,92647,2,4.5,3,0,0,1,0,0,1
2304,47,21,89,94720,2,0.8,3,0,0,0,0,1,1
1945,52,28,39,90095,3,1.9,2,83,0,0,1,1,1
1913,42,16,191,94304,3,4.8,2,0,1,1,1,1,0
2064,56,30,32,94080,2,0.4,3,0,0,0,0,1,0
1694,57,31,43,95616,1,0.2,1,0,0,0,0,0,0
1090,53,29,94,92103,4,1,2,0,0,0,0,1,0
1194,58,32,81,92121,3,1.7,2,0,0,0,0,1,1
560,49,25,24,95818,4,0.2,1,138,0,0,0,1,0
1549,57,32,21,92037,4,0.9,2,113,0,1,0,0,0
1493,33,8,133,90024,1,0,1,0,0,0,0,1,0
626,52,28,64,95605,2,1,3,211,0,0,0,1,0
1378,27,3,109,93023,2,2.5,1,0,0,0,0,1,0
1353,51,27,20,90401,4,0.5,2,0,0,0,0,1,0
1344,41,17,48,92831,2,0.6,3,215,0,0,0,0,1
1896,26,2,72,95003,4,2.6,1,0,0,0,0,1,0
672,65,41,105,92612,1,3,2,282,1,1,1,1,0
975,63,38,54,90401,3,2.2,1,0,0,0,0,1,0
587,39,14,101,94305,2,0.4,1,0,0,0,0,1,1
2403,48,21,23,94720,3,0.67,2,95,0,0,0,0,0
465,43,19,83,94305,4,3.6,3,0,1,0,0,0,1
1109,55,29,61,95051,4,2.8,2,0,0,0,0,1,1
172,52,28,11,95817,3,0.4,1,0,0,1,0,0,0
1533,45,20,55,94588,1,0.3,1,0,0,0,0,1,1
2381,40,16,50,92606,2,0.6,3,0,0,0,0,0,0
2416,45,21,11,94143,4,0.2,1,106,0,0,0,1,1
1793,46,20,118,93009,1,5.7,1,0,0,0,1,1,1
2232,46,20,134,94575,1,5.7,1,146,0,1,0,1,0
649,50,25,34,95621,1,1.3,2,0,0,0,0,1,0
11,65,39,105,94710,4,2.4,3,0,0,0,0,0,0
1531,47,21,20,94066,1,0.2,1,0,0,0,0,1,1
1462,54,28,48,93022,1,0.2,1,0,0,0,0,1,0
1336,50,24,180,94539,1,1.7,1,0,0,0,0,1,1
2254,59,35,25,95827,2,0.3,1,75,0,0,0,1,0
2114,57,33,25,92064,2,1,1,0,0,0,0,1,0
411,47,23,110,94111,2,3.3,1,0,0,0,0,1,1
550,61,36,35,94110,3,1.3,2,0,0,0,0,0,1
1518,52,26,45,92697,4,1.8,1,0,0,0,0,1,0
419,27,0,33,90089,4,1,3,0,0,0,0,0,0
478,64,39,24,95112,4,0.4,2,78,0,0,0,1,0
1271,43,18,60,91311,2,2.2,3,0,0,0,0,0,1
2496,46,22,70,94701,4,1.9,1,212,0,0,0,0,1
1387,27,3,72,95616,4,0,1,0,0,0,0,1,0
1606,54,28,83,93555,3,0.8,1,0,0,0,0,1,0
1759,40,14,54,96003,2,0.7,1,0,0,0,0,0,0
967,57,32,44,91605,2,1.6,3,0,0,0,0,0,0
34,30,6,18,91330,3,0.9,3,0,0,0,0,0,0
1422,42,17,54,94720,4,1.9,3,164,0,0,0,0,0
1470,59,35,59,90005,4,1.2,2,0,0,0,0,1,0
580,57,33,88,93524,1,2.7,2,0,0,0,0,1,0
1977,39,13,80,95616,2,1.8,1,0,0,0,0,1,0
924,55,30,28,95123,1,1.5,2,0,0,0,0,0,0
1328,61,35,30,94720,2,0.2,3,0,0,0,0,1,0
1633,31,5,93,95032,2,3.1,2,0,1,0,0,1,0
1014,39,13,58,94551,3,2.1,1,169,0,0,0,1,0
1432,58,34,128,90058,1,7.4,1,0,0,0,0,0,0
2013,57,31,51,93943,1,1.4,1,0,0,0,0,1,1
2352,55,31,74,94611,2,3.2,3,0,0,0,0,1,1
1165,41,17,94,90071,3,3.8,2,327,1,1,1,1,0
1252,39,13,31,95120,2,0.8,3,0,0,0,0,0,0
1891,52,27,184,90630,1,8.1,1,0,0,0,0,0,0
863,50,23,15,94025,2,1,2,101,0,0,0,0,0
2195,34,9,123,94553,1,1.6,2,0,1,0,0,1,0
908,64,40,15,91711,2,0.3,3,115,0,0,0,1,1
1309,54,24,50,92037,3,2,3,0,0,0,0,1,1
565,33,7,32,94904,1,0.6,3,152,0,0,0,0,0
156,24,0,60,94596,4,1.6,1,0,0,0,0,1,0
1763,65,35,55,94526,4,1.67,3,89,0,0,0,1,1
663,65,41,185,93561,3,2,2,0,1,0,0,0,0
2052,34,8,38,90018,4,0.2,1,0,0,0,0,0,0
396,60,35,64,94509,2,2.8,1,0,0,0,0,0,0
2035,59,33,91,92821,4,1.9,2,329,0,0,0,0,0
600,28,4,103,94720,2,2.5,1,0,0,0,0,1,1
1903,39,14,85,94005,3,1.2,3,107,0,0,0,1,1
1573,64,40,63,91711,4,1.2,2,0,0,1,0,0,1
1849,35,10,30,95032,3,1.3,1,0,0,1,1,1,1
2111,28,4,104,94301,3,2.5,1,0,0,0,0,0,0
1672,34,9,20,92648,4,1.1,3,0,0,0,0,1,0
1995,32,8,183,94080,1,6,1,0,0,0,0,0,0
1546,55,29,131,92675,2,2.7,1,0,0,1,0,0,0
1674,29,5,81,94115,2,2.5,1,0,0,0,0,0,1
1647,52,26,93,91745,1,2.4,1,0,0,0,0,1,0
843,34,10,54,92101,3,2,1,0,0,0,0,0,0
589,41,17,40,93117,2,2.5,1,0,0,0,1,1,1
2378,47,23,160,92037,2,6.67,1,0,0,0,0,0,0
2157,35,11,93,90747,2,2.7,1,0,0,0,0,1,1
1670,43,18,21,95037,2,1.4,2,0,0,0,0,1,1
733,26,1,85,90064,1,1.9,1,0,0,0,0,1,0
1840,28,2,43,95616,4,1.3,3,0,0,0,0,1,1
1191,39,15,168,93117,2,8,1,152,0,1,0,0,0
623,41,17,92,93555,2,1.9,1,131,0,0,0,1,0
106,24,0,35,94704,3,0.1,2,0,0,1,0,1,0
1212,61,36,131,92407,1,0.9,1,0,0,0,0,1,0
1179,33,7,14,94025,1,0.4,2,98,0,0,0,1,0
1327,32,5,63,90024,4,2,2,0,0,1,0,1,0
1605,55,29,111,90502,2,3.6,3,0,1,0,0,0,1
2269,27,3,105,94304,1,3,2,0,1,1,0,0,0
971,57,32,75,94928,2,3.7,1,236,0,0,0,1,0
163,38,12,52,90036,1,2,1,0,0,0,0,0,0
973,40,16,50,92093,2,1.7,1,174,0,0,0,0,0
1572,37,13,73,95758,4,2.4,1,0,0,0,0,0,0
2046,52,28,44,95051,4,0.9,2,107,0,0,0,1,0
615,37,12,180,90034,1,8.6,1,0,0,0,0,1,1
82,47,22,40,94612,3,2.7,2,0,0,0,0,1,0
2034,49,23,83,92126,1,0.3,1,0,0,0,0,1,1
129,38,14,74,92182,2,0,1,0,0,1,0,1,0
173,38,13,171,92717,2,7.8,1,0,0,0,0,1,0
503,44,19,70,92833,1,0.1,2,0,0,0,0,0,0
2238,30,5,134,92647,1,0,1,0,0,0,0,1,1
586,34,4,83,92653,4,4,3,0,0,0,0,1,0
598,24,-2,125,92835,2,7.2,1,0,0,1,0,0,1
700,44,20,68,95060,1,0.8,3,91,0,0,0,0,0
1523,25,-1,101,94720,4,2.3,3,256,0,0,0,0,1
1080,54,30,145,94591,2,6.8,1,0,0,1,0,0,0
2472,36,11,44,91040,2,1.1,2,85,0,0,0,1,0
360,32,6,32,93106,1,1.9,3,0,0,0,0,1,0
837,42,17,74,92123,3,3,1,0,0,0,0,0,1
1696,30,6,184,91911,1,6,1,0,0,0,0,1,0
1442,58,33,43,94720,2,1.6,3,0,0,0,0,1,0
1719,40,16,19,92028,4,0.4,2,0,0,0,0,1,1
2392,39,12,138,92697,1,4.67,2,0,1,0,0,1,0
1712,27,3,201,95819,1,6.33,1,158,0,0,0,1,0
695,32,7,112,90740,1,3.8,1,81,0,0,0,1,0
114,58,34,92,92703,2,2.8,1,103,0,0,0,0,0
1973,28,2,114,94606,4,2.1,3,0,0,0,0,1,0
1566,34,9,104,95758,3,1.2,3,0,0,0,0,1,0
2492,38,14,80,92868,2,2.7,1,0,0,0,0,1,0
1475,48,23,79,92124,2,3.8,3,0,0,0,0,1,0
2219,38,13,9,92634,2,0.3,2,0,0,0,0,0,0
1369,46,21,40,94025,4,1.9,3,122,0,0,0,1,0
1409,40,14,129,90089,1,5.9,3,0,1,0,0,1,0
310,62,38,91,95929,1,3.8,1,0,0,1,0,1,0
1779,27,3,32,94710,3,1,2,0,0,0,0,0,0
38,51,25,71,95814,1,1.4,3,198,0,0,0,0,0
49,56,26,81,95747,2,4.5,3,0,0,0,0,0,1
864,54,30,70,90095,1,1.6,3,265,0,0,0,0,0
467,25,0,13,91342,2,0.9,3,0,0,0,0,1,0
2215,53,27,89,92735,1,0.8,3,146,0,0,0,1,1
2351,52,28,22,91711,2,0.4,1,0,0,0,0,1,1
976,63,38,83,92122,2,3.4,1,0,1,0,0,0,0
2139,36,11,40,93611,2,1.1,2,166,0,1,0,0,0
1251,47,20,81,94301,1,2.67,2,0,0,0,0,1,0
1417,40,15,82,93101,2,0.4,1,0,0,0,0,0,0
1758,33,9,60,90630,1,1.2,1,0,0,0,0,1,1
276,49,24,50,94706,4,1.8,3,0,0,1,0,0,0
1904,56,26,50,90095,3,1.4,3,0,0,0,0,0,0
873,32,7,44,90095,4,0.8,1,0,0,0,0,1,0
101,48,23,74,94080,1,1.2,1,0,0,0,0,1,0
969,55,31,90,92868,1,2.7,2,0,0,0,0,1,1
1632,61,36,153,91105,1,2.6,2,0,1,1,1,0,1
2203,49,24,43,94709,4,1.9,3,0,0,0,0,1,0
1354,50,25,14,94124,1,0.4,3,0,0,0,0,1,1
494,50,24,173,94720,1,1,1,0,0,0,0,1,1
707,58,34,148,95819,1,4.7,1,0,0,0,0,1,0
909,66,36,55,93023,4,1.67,3,0,0,0,0,0,1
1772,46,21,9,95023,2,0.7,3,0,0,0,0,1,0
2340,56,31,72,90095,3,2,2,0,0,0,0,0,0
1521,54,30,120,95039,1,7.4,1,119,0,0,0,1,1
62,47,21,125,93407,1,5.7,1,112,0,1,0,0,0
1509,35,10,75,93940,4,0.7,3,0,0,0,0,1,1
1453,54,28,52,94102,4,2.5,1,0,0,0,0,1,0
887,54,29,74,93907,3,2,2,0,0,0,0,0,0
1311,62,36,21,95616,3,0.3,3,0,0,0,0,0,0
379,47,23,38,94618,2,2.1,3,0,0,0,0,0,0
1592,39,13,72,95817,2,2.8,1,0,0,0,0,1,0
1698,64,38,32,90065,3,0.7,2,0,0,0,0,1,1
1856,65,39,30,94304,3,0.7,2,0,0,0,0,1,1
812,63,33,52,94720,4,1.67,3,0,0,0,0,0,0
72,53,29,69,93907,4,1,2,0,0,0,0,1,0
1708,61,37,31,92374,3,0.4,2,0,0,0,0,0,1
2376,55,30,69,91007,4,1.3,3,0,0,1,1,1,1
1373,39,13,139,95616,3,3.4,1,483,1,0,0,1,0
661,39,14,165,92126,2,3.3,1,0,0,0,0,1,0
1773,36,11,15,94720,2,0.3,2,119,0,0,0,0,0
2150,48,22,150,95039,1,7.3,1,193,0,0,0,0,0
448,49,23,71,95134,1,1.4,3,0,0,0,0,0,0
2148,27,3,20,92007,4,1,1,0,0,0,0,0,0
1229,56,30,45,92870,1,0.2,1,98,0,0,0,0,0
1498,45,21,73,95020,1,0.8,3,0,0,0,0,1,0
1711,31,5,29,95405,2,0.3,2,131,0,0,0,1,1
1075,39,14,75,95762,3,3,1,0,0,0,0,0,1
928,65,40,95,95014,3,3.7,2,138,1,0,0,0,1
92,35,10,29,94105,4,1.1,3,0,0,0,0,1,0
1898,54,29,98,93065,1,0.1,3,0,0,0,0,0,0
73,44,20,130,92007,1,5,1,0,0,0,0,0,1
1011,27,3,98,95616,2,2.5,1,361,0,1,1,1,1
1595,37,12,93,90025,1,2.8,1,0,0,1,0,1,0
1782,52,26,19,90650,2,0.7,2,0,0,0,0,0,1
1262,63,39,84,94901,1,1.8,3,0,0,0,0,0,0
1440,59,29,61,94025,1,1.4,3,0,0,0,0,0,0
1069,34,9,105,90035,3,1.2,3,0,0,1,0,0,0
1161,28,1,40,95134,1,2,2,0,0,1,0,1,0
1519,43,17,64,95053,4,3,3,221,1,0,0,1,0
1823,48,23,112,93014,1,5.1,2,86,1,1,1,1,0
469,34,10,21,92634,1,0.5,3,0,0,0,0,1,0
18,42,18,81,94305,4,2.4,1,0,0,0,0,0,0
1401,32,8,78,90401,4,0.1,2,0,0,0,0,1,0
2212,39,14,31,92717,2,1.4,2,94,0,0,0,1,1
74,41,16,85,94606,1,4,3,0,0,0,0,1,1
2264,47,21,28,92868,3,1.5,1,0,0,0,0,1,0
2418,25,0,53,90095,2,1.6,3,0,0,0,0,1,1
272,40,14,70,94923,4,1.4,2,0,0,0,0,1,0
751,29,5,138,93106,2,4.33,1,0,0,0,0,1,0
205,56,31,61,96150,2,1.9,2,105,0,0,0,0,0
876,61,36,21,95616,4,0.4,2,123,0,0,0,0,0
1053,43,17,49,95812,3,2.2,2,103,0,0,0,1,1
2319,60,34,23,94803,1,0.8,2,112,0,0,0,1,0
1959,28,2,42,95762,1,1.5,1,0,0,0,0,1,1
1910,56,30,101,90048,3,1.7,2,0,0,0,0,0,1
2486,61,36,48,94025,3,1.5,1,0,0,0,0,0,1
793,41,16,98,93117,1,4,3,0,0,0,0,0,1
627,30,6,42,94305,1,0.2,3,100,0,0,0,0,1
2481,39,13,50,91768,2,2.4,2,0,0,0,0,0,0
1502,30,4,35,92130,2,0.3,2,0,0,1,0,0,1
1289,63,38,129,91326,1,0.9,1,366,0,0,0,1,0
726,39,15,119,92037,2,6.1,1,0,0,0,0,0,0
1843,53,29,93,95051,1,2.7,2,256,0,0,0,1,0
1054,58,32,51,95819,1,2.8,2,0,0,0,0,1,0
135,53,29,98,95035,3,1.8,2,0,0,0,0,0,0
318,40,16,119,91335,2,4.2,2,0,1,0,0,1,0
1399,42,18,141,93407,1,3.5,1,0,0,0,0,0,0
576,54,30,93,91107,1,2.7,2,0,0,0,0,1,0
493,60,36,38,94596,4,1.3,1,0,0,0,0,1,0
1916,37,11,69,91911,3,2.1,1,0,0,1,0,0,0
1267,64,39,113,92121,1,0.8,3,0,0,0,0,0,1
1464,35,10,94,91343,1,0,1,174,0,0,0,1,0
2367,30,4,63,95008,4,2.2,2,0,0,1,0,1,0
2229,48,23,43,90254,4,1.9,3,0,0,0,0,1,0
332,32,6,28,94115,3,1,1,0,0,0,0,0,0
1599,40,15,85,94550,2,0.4,1,0,0,1,0,0,0
1893,55,30,55,94110,3,1.7,1,0,0,0,0,0,1
1028,32,7,108,94550,1,4.6,1,0,0,1,0,0,0
889,57,33,182,94114,2,3.3,3,372,1,0,0,0,0
839,45,20,29,92507,4,1.9,3,0,0,0,0,0,0
423,46,20,145,91380,2,6.3,1,0,0,1,1,1,0
418,53,29,83,90073,4,1,2,0,0,0,0,1,0
1265,58,33,138,94546,2,3.9,1,0,0,0,0,1,0
1815,48,22,79,95747,3,0.7,2,0,0,0,0,1,0
2120,39,13,50,94923,3,0.5,3,0,0,0,0,0,0
996,28,3,45,94305,2,1.6,3,0,0,0,0,1,1
1567,61,35,40,95064,1,0.8,2,128,0,0,0,1,0
287,51,25,45,94806,3,0.6,2,131,0,0,0,1,0
1257,31,7,20,92115,1,0.4,3,0,0,0,0,1,0
405,61,36,60,92866,3,0.5,2,182,0,0,0,0,0
1346,57,32,23,92126,2,0.2,3,0,0,0,0,0,0
2324,31,7,113,94542,2,2,2,315,0,0,0,0,0
1581,39,14,12,92093,2,0,3,0,0,0,0,0,0
1530,38,14,58,91709,4,2,3,153,0,1,0,0,0
817,49,23,65,94035,3,0.7,2,263,0,0,0,1,1
1858,37,13,105,94066,1,0.8,2,0,0,0,0,0,1
1749,49,23,79,95819,3,0.7,2,151,0,0,0,1,0
24,44,18,43,91320,2,0.7,1,163,0,1,0,0,0
1558,51,25,41,94939,4,1.8,1,0,0,0,0,0,0
1697,45,21,140,91024,2,7.6,1,132,0,0,0,0,0
2249,63,37,8,94618,1,0.8,2,97,0,0,0,1,0
2413,61,36,59,93118,4,1.7,1,148,0,0,0,0,0
910,23,-1,149,91709,1,6.33,1,305,0,0,0,0,1
2126,44,20,93,91910,4,0.8,1,101,0,0,0,1,0
76,31,7,135,94901,4,3.8,2,0,1,0,1,1,1
1955,44,20,81,90245,4,2,3,277,0,0,0,1,0
2095,57,31,64,90024,3,2.5,1,208,0,0,0,0,1
571,49,25,161,94928,3,6.5,2,485,1,1,1,0,0
1790,44,20,171,91330,4,0.7,1,567,1,0,1,1,1
2115,62,36,69,95039,2,1.7,3,0,0,0,0,1,0
680,55,31,103,92093,3,1.8,2,364,0,0,0,0,0
1774,31,5,28,92037,4,0.8,1,0,0,0,0,0,0
779,62,36,92,94801,2,0.7,2,0,0,0,0,1,0
533,62,37,39,94305,2,2.8,1,113,0,0,1,1,1
1944,49,23,39,95521,4,2.6,1,0,0,0,0,0,0
1817,45,19,91,92373,2,1.7,2,0,0,1,0,1,0
2056,49,23,25,90274,1,1.4,3,0,0,0,0,1,0
2209,64,40,92,91109,2,0,3,185,0,1,0,1,0
1890,56,30,111,93106,4,0.3,1,372,1,1,1,1,0
1805,40,16,64,92661,4,2.67,1,0,0,1,0,1,0
1210,46,21,52,91304,3,2.7,2,228,0,0,0,0,1
1215,61,36,15,92521,4,0.4,2,0,0,0,0,0,0
2270,42,18,62,94305,3,2.1,3,0,0,0,0,1,0
797,30,6,82,93657,2,2.5,1,0,0,0,0,0,0
616,63,37,139,93943,2,6.9,1,0,0,0,0,0,0
1009,50,24,152,92220,1,7.3,1,0,0,0,0,1,0
446,58,32,65,94590,3,2.2,3,0,0,0,0,1,0
519,28,4,34,92677,1,1.8,2,0,0,0,0,1,0
66,59,35,131,91360,1,3.8,1,0,0,0,0,1,1
27,40,16,83,95064,4,0.2,3,0,0,0,0,0,0
1520,63,38,22,92115,3,0.1,3,90,0,0,0,1,0
214,57,33,155,91326,1,7.4,1,0,0,0,0,1,0
225,52,27,58,94305,4,1.8,3,91,0,0,0,0,0
1071,36,9,40,90840,2,1,2,0,0,0,0,1,0
1495,59,35,60,90089,1,0,2,0,0,0,0,1,1
1384,65,41,105,95616,4,1.7,2,230,0,1,0,1,0
2170,52,27,30,94305,2,0.7,2,0,0,0,0,1,1
1245,33,8,130,94720,3,6.3,2,99,1,0,0,0,1
259,35,9,24,95747,4,0.3,1,0,0,0,0,1,0
2439,62,37,29,91030,1,0.3,3,0,0,0,0,0,1
907,29,3,154,94720,2,2,1,130,0,0,0,0,0
1915,48,24,54,95616,1,1.6,2,186,0,0,0,1,0
2011,61,36,41,96001,2,1.5,1,0,0,0,0,0,0
1154,55,30,55,92821,4,0.9,1,215,0,0,0,1,1
2370,50,24,45,94005,4,0.1,1,93,0,0,0,1,0
2044,57,32,25,90049,2,0.2,3,0,0,0,0,1,1
2441,31,5,22,91401,1,0.6,3,0,0,0,0,0,0
760,53,28,59,91950,2,1.9,2,0,0,0,0,1,0
435,30,6,45,95819,1,1.8,2,0,0,0,0,1,0
124,37,13,84,92130,1,3.6,2,0,0,1,0,0,0
228,47,23,148,94551,2,7.5,1,0,0,0,1,1,1
1679,56,30,73,94035,2,1.1,1,0,0,0,0,0,0
443,58,28,122,95136,1,3,3,115,1,0,0,1,0
890,24,-2,82,91103,2,1.6,3,0,0,0,0,1,1
1133,34,9,55,94920,3,2.3,1,0,0,1,1,1,1
229,47,22,53,92677,4,1.9,3,98,0,1,1,0,1
1934,63,39,40,91311,4,1.2,2,0,0,0,0,1,0
1980,41,17,11,91330,1,1,1,0,0,0,0,0,0
619,63,37,42,91320,2,0.7,3,115,0,0,0,1,0
1630,53,29,154,93407,4,7.4,3,0,1,0,0,0,0
664,46,20,49,90503,3,2.2,2,0,0,0,0,0,0
998,46,20,69,92780,3,2.1,1,0,0,0,0,0,0
257,26,0,99,92697,4,2.3,3,0,0,0,0,0,1
488,39,13,88,94117,4,1.4,2,0,0,0,0,1,1
1732,43,19,125,92122,3,2.4,1,0,1,0,0,1,0
2017,41,17,93,92835,4,0.8,1,218,0,0,0,0,0
1821,47,22,25,90404,1,0.1,1,148,0,0,0,1,0
2360,36,12,123,95060,2,5.6,2,0,1,0,1,1,1
2053,28,3,120,94080,1,0.8,1,170,0,0,0,0,0
952,59,34,83,94105,2,3.4,3,0,1,0,0,1,0
1894,49,24,13,94608,1,0.4,3,101,0,1,0,0,0
956,59,35,14,90840,4,0.7,1,0,0,0,0,1,0
484,29,5,30,90095,3,1,2,0,0,0,0,0,0
1660,33,7,139,95828,1,4,3,106,1,0,1,1,1
1058,30,0,63,95503,2,1.75,3,0,0,0,0,1,0
1182,25,0,65,90095,4,0.2,1,0,0,1,0,0,0
582,28,3,55,94521,4,2.2,1,0,0,0,0,1,1
2287,62,36,42,94122,1,0.5,3,128,0,0,0,1,0
1128,35,9,58,91101,1,2.5,1,0,0,0,0,1,1
611,52,28,81,94132,3,1.8,2,275,0,0,0,0,0
1066,25,1,113,90401,3,2.5,1,0,0,0,0,0,1
514,30,6,48,94607,1,2.1,3,0,0,0,0,0,0
1848,25,0,52,95126,3,2.6,3,159,0,0,0,0,0
1819,45,20,62,95818,2,2.2,3,0,0,0,0,1,0
1628,46,20,82,91016,3,0.7,2,0,0,0,0,1,1
770,33,6,78,90250,4,2,2,119,0,1,0,1,0
1125,38,12,29,94022,4,0.2,1,0,0,0,0,0,1
897,50,24,161,95133,3,3.4,1,212,1,0,0,1,0
1330,28,4,32,90095,3,1,2,0,0,0,0,0,0
2214,61,37,45,94610,1,0.8,1,0,0,0,0,0,0
1571,41,16,114,94705,4,3.5,1,0,1,0,0,0,1
1181,42,17,90,90504,1,0.1,2,0,0,0,0,0,1
298,55,25,70,93720,3,1.4,3,0,0,0,0,1,0
2355,35,9,8,94043,1,0.4,2,0,0,0,0,1,0
2014,40,15,52,92691,3,0.8,3,113,0,0,0,1,0
844,64,39,73,94720,3,2.4,1,0,0,0,0,1,0
334,63,38,140,92407,1,2.5,1,0,0,0,0,0,0
328,58,32,114,91330,2,2,1,402,0,0,0,1,0
1337,36,12,42,93555,1,1.33,1,0,0,0,0,1,0
2065,54,29,65,94545,4,1.8,3,0,0,0,0,0,1
1295,34,10,71,95003,1,0.1,1,257,0,0,0,1,1
768,64,39,38,92024,1,1.1,3,108,0,0,0,0,0
2262,30,3,150,94305,4,5,2,0,1,0,0,1,0
567,53,28,175,95060,3,3.6,3,0,1,0,1,1,1
75,28,3,135,94611,2,3.3,1,0,0,0,0,0,1
2202,41,16,111,92009,2,0.4,1,0,0,0,0,0,0
182,36,12,10,93524,4,0.7,2,81,0,0,0,0,0
246,35,11,25,92614,2,1,2,0,0,0,0,0,0
388,31,5,82,95482,4,1.8,2,0,0,0,0,1,0
487,55,30,84,92173,2,3.7,1,304,0,1,0,1,0
1522,33,8,175,92354,2,6.7,1,102,0,0,0,1,0
1497,36,12,18,91330,1,0.5,3,0,0,0,0,0,1
17,38,14,130,95010,4,4.7,3,134,1,0,0,0,0
888,41,16,118,94720,2,3.3,1,0,0,0,0,1,0
1276,27,2,92,95616,2,3.1,1,178,0,0,0,1,0
2236,63,37,141,92121,2,6.9,1,0,0,0,0,1,1
1472,52,26,180,94305,1,1,1,0,0,0,0,1,1
2457,54,30,39,95211,2,0.8,1,0,0,0,0,0,1
2025,36,12,113,94305,4,0.2,1,0,1,0,0,0,0
2278,30,6,32,91330,2,1,2,0,0,0,0,0,0
602,58,32,38,91320,1,1.4,1,0,0,0,0,1,1
1117,43,18,122,92056,1,7,1,0,0,0,0,1,1
2362,36,12,109,94928,3,0.5,3,0,1,1,1,1,0
2394,53,28,14,94005,4,0.8,1,0,0,0,0,1,1
988,62,36,84,94609,2,2.8,1,0,0,0,0,1,0
131,28,4,81,94801,3,1.5,1,276,0,0,0,1,0
1329,60,36,145,95616,4,6.9,1,380,1,0,0,0,1
1187,62,38,43,94928,4,1.2,2,0,0,0,0,1,0
674,34,10,22,95670,1,0.5,3,85,0,0,0,0,0
1001,59,35,8,92691,4,0.7,1,91,0,1,0,0,0
1996,35,11,41,94720,1,2.4,2,0,0,0,0,0,0
286,40,13,69,94305,3,2.33,2,0,0,0,0,0,0
1563,34,9,89,91763,1,0,1,0,0,0,0,1,0
1830,59,29,45,95630,3,2,3,0,0,0,0,1,0
2426,54,30,78,92507,4,1.6,2,0,0,0,0,1,1
1717,32,8,200,91330,2,6.5,1,565,0,0,0,1,0
1375,59,34,84,94043,3,1.6,3,0,0,0,0,1,0
449,31,4,60,94588,4,2,2,0,0,0,0,1,1
985,50,25,15,92173,1,0.4,3,0,0,0,0,0,0
1278,45,20,194,92110,2,8.8,1,428,0,0,0,0,0
1217,50,25,84,91107,1,1.3,3,0,0,1,0,1,0
2358,44,19,34,95005,4,0,2,0,0,0,0,0,0
339,29,3,153,93657,2,2,1,392,0,0,0,0,0
383,65,41,133,94904,4,2,1,0,1,0,0,0,1
1733,25,0,88,94566,2,1.8,2,319,0,0,0,1,1
2088,51,27,188,94305,2,6.9,2,343,1,0,0,1,0
1397,42,18,43,91107,1,0.3,3,158,0,0,0,0,0
1994,30,5,122,94545,2,3.1,1,0,0,0,0,0,0
568,34,8,28,95112,3,0.9,1,0,0,0,0,0,0
2279,30,4,204,91107,2,4.5,1,0,0,0,0,1,0
1074,33,8,122,94583,1,0,1,0,0,0,0,1,1
1662,38,14,64,92093,1,1.5,3,0,0,0,0,0,1
963,47,21,120,95833,1,0,1,135,0,0,0,0,0
640,62,36,32,92646,2,0.2,3,0,0,0,0,1,1
89,65,41,51,94117,2,1.1,1,0,0,0,0,1,0
2463,52,28,23,95828,3,0.4,1,0,0,0,0,1,0
2479,30,5,178,94063,2,6.7,1,0,0,0,0,0,0
1114,28,2,70,90630,3,0.3,3,0,0,0,0,0,1
1878,51,24,78,90037,1,2.67,2,0,0,0,0,1,0
2495,35,9,63,92697,2,1.8,1,0,0,0,0,1,0
293,30,5,38,94542,4,0.8,1,129,0,0,0,1,1
2117,44,17,70,94920,3,2.67,2,0,0,0,0,0,0
292,43,16,8,90089,3,0.67,2,88,0,0,0,1,0
1629,42,18,90,95064,4,0.8,1,245,0,1,0,0,0
773,54,28,165,92093,1,4.1,3,0,1,0,1,1,1
1455,51,25,148,90024,1,1,1,0,0,0,0,0,0
2085,36,9,44,93907,4,1,2,101,0,1,0,1,0
754,49,23,49,94720,1,1.2,2,0,0,0,0,1,1
926,42,18,31,94720,1,0.3,3,0,0,0,0,0,1
1174,24,-1,35,94305,2,1.7,2,0,0,0,0,0,0
2158,25,0,71,93727,4,0.2,1,78,0,1,0,0,0
2019,63,39,160,90089,2,2.1,1,0,0,0,0,1,1
585,40,16,114,91604,1,3.4,1,300,0,0,0,1,0
2040,51,25,32,91605,2,0.4,3,0,0,0,0,1,0
402,29,2,30,95747,4,1.5,2,112,0,0,0,0,1
1810,35,10,79,95045,4,2.1,3,0,0,1,0,1,0
1020,29,3,30,91745,4,0.3,2,157,0,0,0,0,0
1061,59,34,23,93111,1,0.1,1,0,0,0,0,0,1
2385,62,37,53,92028,2,2.8,1,0,0,0,0,1,0
1622,31,6,53,92093,4,2.2,1,114,0,0,0,1,0
56,41,17,139,94022,2,8,1,0,0,0,0,1,0
2462,30,5,69,94302,1,0.8,2,0,0,0,0,1,0
2253,58,32,41,95819,3,1.4,1,0,0,0,0,1,0
1258,63,37,41,93014,1,0.5,3,0,0,0,0,0,1
1739,61,36,38,91129,3,0.9,3,82,0,0,0,1,1
1205,26,1,190,91604,4,1.3,2,197,1,0,0,1,0
922,31,5,91,92096,3,1.6,1,126,0,0,0,1,1
732,28,3,90,90066,2,3.3,1,0,0,0,0,1,1
1820,60,34,59,94110,1,1.6,1,231,0,0,0,1,0
520,34,9,48,95616,1,2.5,3,105,0,0,0,1,0
1045,49,24,79,95827,1,0.2,2,83,0,0,0,1,1
1974,47,22,11,92192,2,0,1,78,0,0,0,0,0
1015,50,26,192,90245,2,1.8,3,301,1,0,1,1,1
1301,61,36,23,91754,2,0.5,2,103,0,0,0,1,0
432,39,13,75,94305,3,2.1,1,224,0,0,0,1,0
1428,31,5,85,95828,2,1.3,1,119,0,0,0,1,1
1406,46,22,183,91605,1,3.1,2,0,1,0,1,1,1
2155,32,8,45,94558,1,2.4,2,0,0,0,0,0,0
813,36,10,65,90089,4,2.2,2,0,0,0,0,0,0
450,61,37,60,91706,3,2,3,0,0,0,0,1,0
1937,50,24,82,90291,3,3,2,0,0,0,0,1,0
2339,42,18,130,94611,2,7.5,1,0,0,0,0,0,1
2146,57,32,40,94720,3,1.7,1,0,0,0,0,1,1
912,47,21,68,94538,4,2.6,3,0,0,0,0,0,0
1214,27,2,78,93943,4,0.2,1,87,0,0,0,0,0
12,29,5,45,90277,3,0.1,2,0,0,0,0,1,0
2415,34,10,134,91775,1,4,1,0,0,0,0,0,0
983,58,33,52,94402,3,0.5,2,0,0,0,0,0,1
750,58,34,60,92008,4,1.6,2,0,0,0,0,0,1
216,38,14,92,95818,2,0,1,249,0,0,0,1,1
2454,43,19,60,94104,3,2.1,3,0,0,0,0,1,0
2255,46,22,53,90025,2,1.7,1,109,0,0,0,0,0
814,50,25,130,94720,1,1.1,2,0,1,0,0,1,0
280,39,14,155,94577,2,3.9,1,0,0,0,0,1,0
2344,58,34,55,90032,1,0.8,1,168,0,0,0,1,1
2272,60,34,101,94928,3,4.4,1,0,0,0,0,1,1
858,49,25,30,95616,4,0.2,1,0,0,0,1,1,1
57,55,30,29,94005,3,0.1,2,0,0,1,1,1,0
203,30,3,68,94306,4,2,2,0,0,0,0,1,0
475,60,34,114,90028,2,6.9,1,0,0,0,0,1,0
143,33,9,48,91770,1,2.1,3,0,0,0,0,0,1
1621,39,14,22,94035,2,0.3,2,0,0,0,0,1,0
1507,52,27,25,95138,2,0,1,0,0,0,0,1,1
347,44,19,50,90745,3,2.7,2,0,0,0,0,1,0
26,43,19,29,94305,3,0.5,1,97,0,0,0,1,0
738,64,37,138,94709,2,2.8,2,0,1,0,0,1,0
174,58,34,42,90095,4,1.5,1,0,0,0,0,1,1
686,35,8,48,93107,2,1.67,2,0,0,0,0,1,0
2069,61,37,13,90024,2,0.3,3,0,0,0,0,1,0
88,48,22,78,94305,3,1.1,1,0,0,0,0,1,0
2152,41,16,19,91730,2,0.3,2,105,0,0,0,0,0
1335,47,22,35,94304,2,1.3,1,0,0,0,0,1,0
1874,28,4,69,94538,3,0.7,2,80,0,0,0,1,0
891,55,29,29,92780,4,1.5,3,79,0,0,0,1,0
1756,28,3,55,92647,4,1.7,2,0,0,0,0,1,1
2227,25,1,98,90717,1,5.4,1,0,0,0,0,1,0
824,35,9,45,90509,1,2,1,0,0,0,0,1,1
857,62,38,42,94025,1,1.8,3,0,0,0,0,0,0
1287,29,3,50,94010,3,1.1,2,0,0,0,0,0,1
2133,59,35,11,94949,2,1,1,0,0,0,0,0,1
1345,49,25,93,93117,1,2.7,1,0,0,1,0,1,0
1559,35,10,72,91320,3,2.3,1,285,0,0,0,0,0
871,43,19,35,92106,3,0.5,1,0,0,0,0,1,0
645,52,27,33,92121,2,2,2,0,0,0,0,1,0
892,32,6,120,94102,4,5.4,1,301,1,0,1,1,1
1569,59,33,72,92350,2,0.7,2,226,0,0,0,0,0
1478,40,14,64,91320,4,0.2,3,0,0,0,0,1,1
440,47,23,29,94304,4,0.6,1,0,0,0,0,1,0
1420,30,4,39,91105,1,1.5,1,0,0,0,0,0,1
1822,32,7,54,96008,4,1.3,1,0,0,1,0,1,0
269,64,39,129,94002,1,2.5,1,0,0,0,0,1,0
466,66,42,35,94305,1,1.9,2,172,0,0,0,1,0
162,61,35,80,95053,2,2.8,1,0,0,0,0,1,0
1683,51,26,14,92182,2,0,1,103,0,0,0,1,0
1747,62,36,25,90740,3,0.3,3,0,0,0,0,1,1
631,32,7,35,96651,3,1.3,1,108,0,0,0,0,1
2282,57,32,31,95039,3,1.3,2,0,0,0,0,1,1
684,40,16,82,91311,1,3.6,2,0,0,0,0,0,0
999,52,27,94,93106,1,2.8,2,333,0,0,0,1,0
2167,32,8,25,93524,3,0.9,3,0,0,0,0,1,1
2097,55,29,54,95051,2,2.3,3,93,0,0,0,0,0
2075,52,27,81,91942,1,1.3,3,293,0,0,0,0,1
1060,28,2,11,91203,1,0.1,2,0,0,0,0,1,1
21,56,31,25,94015,4,0.9,2,111,0,0,0,1,0
2068,58,32,180,91770,1,2.9,1,0,0,0,0,0,1
982,36,12,142,90064,3,2.3,2,0,1,0,1,1,1
1437,46,21,80,95054,4,0.4,1,0,0,0,0,1,1
1073,54,24,75,90089,2,4.5,3,0,0,0,0,0,0
184,29,3,148,92173,3,4.1,1,0,1,0,0,1,0
2141,53,27,89,92130,1,0.8,3,0,0,1,0,1,0
326,54,28,89,95039,1,1.9,2,0,0,0,0,1,1
1872,31,5,99,94065,4,1.8,2,268,0,0,0,0,0
459,48,24,20,95841,1,1,1,0,0,0,0,1,1
597,48,22,152,94022,1,3.5,3,0,1,0,0,1,0
896,43,17,84,94608,4,2.6,3,289,0,1,1,1,1
2338,43,16,201,95054,1,10,2,0,1,0,0,0,1
335,48,23,45,95053,1,1.3,2,0,0,0,0,1,0
67,62,36,105,95670,2,2.8,1,336,0,0,0,0,0
46,57,31,52,94720,4,2.5,1,0,0,0,0,0,1
972,43,19,174,92028,3,1.7,3,231,1,0,1,1,1
1192,29,5,128,94111,1,1.5,1,0,0,0,0,1,1
165,53,27,92,95120,2,1.1,1,0,0,1,0,0,0
188,46,21,159,94305,3,1.9,3,315,1,0,0,1,0
138,49,25,128,95054,2,0.4,1,0,0,0,0,0,0
1737,57,31,131,95133,2,2.7,1,394,0,0,0,0,1
289,44,19,172,94306,2,4.3,3,391,1,1,1,1,0
1269,34,9,62,92677,3,2.3,1,0,0,0,0,0,0
424,43,19,161,95616,2,7.5,1,0,0,0,0,0,0
1982,52,26,84,91768,3,3,2,0,0,0,0,1,0
578,52,28,149,94043,2,6.8,1,0,0,0,0,1,0
1689,60,34,108,92152,2,2,1,359,0,0,0,1,0
1803,29,3,121,92806,2,1.3,1,0,0,0,0,0,0
1107,37,13,70,92101,2,2.7,1,0,0,0,0,0,0
2096,47,21,174,94025,4,3.2,3,0,1,0,0,0,0
2335,45,21,69,90025,4,1.9,1,0,0,0,0,0,0
2242,26,0,14,94301,4,0.4,1,94,0,0,0,1,0
1799,44,20,185,94086,3,2.7,1,0,1,0,0,1,0
1504,34,8,52,94720,4,2.2,2,0,0,0,0,0,0
1458,42,16,25,94304,2,0.8,3,0,0,0,0,0,1
1580,29,5,122,94305,4,3,1,0,1,0,0,0,1
2411,29,4,130,92630,2,6.7,1,0,0,0,0,0,1
842,57,33,121,94542,1,4.3,1,0,0,1,0,0,0
2062,63,38,159,93950,4,4.9,2,111,1,0,0,0,0
1019,39,15,61,90018,2,0.6,3,127,0,0,0,0,0
16,60,30,22,95054,1,1.5,3,0,0,0,0,1,1
742,61,37,22,94590,1,1.2,3,0,0,0,0,1,0
1867,48,24,90,94523,1,2.6,2,334,0,0,0,1,0
1355,35,10,179,91942,1,8.6,1,357,0,0,0,0,0
643,50,24,103,94132,1,0.3,1,0,0,0,0,1,0
581,52,22,22,90049,4,0.4,3,0,0,0,0,1,1
207,49,25,31,91355,1,1,1,0,0,1,0,1,0
45,46,20,104,94065,1,5.7,1,0,0,0,0,1,1
1927,30,6,41,90095,1,2.4,2,0,0,0,0,1,0
1314,52,27,78,92008,4,3.6,3,141,0,0,0,1,0
1761,41,16,33,94309,4,0,2,0,0,0,0,1,0
2391,33,9,41,95814,3,2,1,108,0,0,0,1,0
1444,36,12,25,95051,4,1,1,0,0,0,0,1,0
1952,45,21,84,94550,4,2,3,0,0,0,0,1,1
548,44,14,44,94132,3,2,3,180,0,1,1,1,1
1106,35,10,182,95051,1,0.3,2,229,1,0,1,1,1
219,44,20,72,92807,3,0.3,3,0,0,0,0,1,0
91,55,30,118,90277,4,5.6,2,0,1,0,0,1,0
456,30,4,60,91107,4,2.2,2,0,0,0,0,1,0
799,29,2,38,93063,1,2,2,0,0,0,0,0,0
455,50,24,29,94110,3,0.9,3,0,0,0,0,0,0
454,54,28,53,92109,4,2.8,2,0,0,1,0,0,0
593,44,20,79,95051,4,2,3,0,0,1,1,1,1
2160,61,35,99,94085,1,4.8,3,255,1,0,0,0,1
250,26,1,55,90089,3,2.6,3,113,0,0,0,0,1
1232,66,41,144,94306,1,2.5,1,0,0,1,1,1,1
827,48,21,23,93555,3,0.67,2,0,0,0,0,1,0
2308,56,31,60,92009,3,1.7,1,0,0,0,0,1,0
2405,41,15,75,95010,1,1.5,3,0,0,0,0,1,0
2281,33,7,30,94920,2,2,3,132,0,0,0,0,0
1939,30,4,38,90245,1,1.9,3,0,0,0,0,1,0
1423,32,8,32,94143,2,1,2,103,0,0,1,1,1
121,54,29,12,90057,2,0.2,3,0,0,0,0,1,0
1115,32,8,39,95827,1,1.7,1,0,0,0,0,1,1
517,53,27,81,90009,3,1.7,2,0,0,0,0,0,0
364,25,0,30,92691,2,1.7,2,0,0,0,0,0,0
1912,60,35,52,94709,3,0.5,2,0,0,0,0,0,0
1293,56,30,164,94610,4,0.5,2,234,1,0,1,1,1
477,60,34,53,92717,1,0.8,2,0,0,1,0,0,1
1023,27,3,118,95605,1,3.3,2,0,1,0,0,1,0
123,58,32,73,94523,2,0.7,2,0,0,0,0,1,1
1597,45,20,55,92606,4,1.9,3,164,0,1,0,0,0
434,52,28,31,91330,4,0.2,1,141,0,0,0,1,1
1263,26,1,53,94720,2,1.6,3,0,0,0,0,1,0
1751,60,34,61,95521,4,1.7,2,229,0,0,0,0,0
727,58,33,53,91030,4,2.1,1,0,0,0,0,1,0
1496,52,28,178,92647,3,5.4,3,147,1,0,0,1,0
2406,57,32,13,94588,4,0.9,2,78,0,1,0,1,0
825,39,15,72,94801,4,2.4,1,0,0,1,0,1,0
417,40,15,85,94304,2,0.4,1,0,0,0,0,1,0
551,60,34,54,94301,3,0.3,2,0,0,0,0,1,1
573,39,15,128,92333,1,3.4,1,0,0,0,0,0,0
1272,28,4,94,92115,3,0.8,1,236,0,0,0,1,0
1664,57,32,42,95070,3,0.5,2,0,0,1,0,1,0
206,38,12,91,95616,4,1.4,2,100,0,0,0,0,1
2048,63,38,134,90640,3,4,2,0,1,0,0,0,1
319,27,2,110,95670,4,1.8,3,190,0,0,0,1,0
549,49,23,61,94117,1,1.4,3,0,0,0,0,1,1
1018,31,5,40,94305,4,1.3,3,170,0,0,0,0,0
1339,51,27,42,90245,4,0.1,3,0,0,0,0,0,0
1162,36,11,181,94309,3,1.4,1,0,1,0,0,0,0
939,62,37,19,95818,4,0.4,2,124,0,1,0,0,0
2050,43,18,94,92717,4,1.1,2,0,0,0,0,1,0
654,49,23,78,92691,2,2.4,2,205,0,0,0,0,1
2083,32,7,55,91301,4,2,2,0,0,0,0,1,0
305,48,23,22,90740,1,0.1,1,0,0,0,0,0,0
325,56,30,158,90089,4,6.1,1,0,1,0,0,0,0
2478,40,14,179,90025,1,2.6,3,0,1,0,0,1,0
638,53,28,31,90245,4,0.1,3,0,0,0,0,1,0
323,63,39,101,92007,1,3.9,1,0,1,1,1,1,0
1120,41,16,79,96064,1,1,3,233,0,0,0,1,0
2101,31,6,145,93940,1,0.8,1,84,0,0,0,1,0
759,64,39,35,90266,1,1.5,2,0,0,1,0,0,0
764,54,28,65,94122,1,0.2,1,0,0,0,0,0,1
2086,50,24,45,94105,3,0.6,2,117,0,0,0,1,0
2322,41,15,39,91380,3,0.5,3,0,0,0,0,0,0
2389,64,39,23,91768,3,0.5,1,0,0,1,0,0,0
636,60,35,35,90509,3,0.2,1,169,0,0,0,1,0
254,47,21,138,94583,1,0,1,0,0,0,0,0,0
1981,45,19,141,94706,1,2.4,1,0,0,0,0,1,0
2147,27,3,30,93108,1,1,3,80,0,0,0,0,0
2277,29,3,172,92093,4,4.4,1,0,1,0,0,0,0
191,60,36,93,92521,1,4.3,1,0,0,0,0,1,0
291,51,25,80,92373,1,4.9,1,0,0,0,0,0,0
1669,63,37,20,90066,1,0.8,2,0,0,1,0,0,1
1832,47,22,30,94118,4,0.4,2,115,0,0,0,1,1
275,30,5,74,95616,4,2.2,1,0,0,1,0,0,1
498,48,22,94,90623,4,2.6,3,0,0,0,0,1,0
1096,50,25,43,92129,1,1.4,3,137,0,0,0,1,0
1476,44,19,78,92064,2,3.8,3,268,0,0,0,0,0
268,47,22,81,90504,1,2.9,1,138,0,0,0,0,0
398,26,2,48,90503,3,0.7,2,0,0,0,0,1,0
1659,50,25,14,92037,4,0.8,1,0,0,0,0,1,0
1290,46,21,82,94523,4,0.4,1,0,0,0,0,0,0
81,60,36,41,95134,4,1.3,1,174,0,0,0,1,1
1859,35,11,65,90747,3,2.8,1,240,0,0,0,1,0
2382,33,9,49,94928,1,2.4,2,0,0,0,0,1,0
1780,34,9,68,94720,1,2.8,1,0,0,0,0,1,0
808,52,27,162,92096,1,8.1,1,0,0,0,0,1,0
7,53,27,72,91711,2,1.5,2,0,0,0,0,1,0
311,57,32,39,90277,4,0.9,1,0,0,0,0,1,1
226,39,13,93,94720,1,1.5,3,0,0,0,0,0,1
363,58,32,113,94590,2,1.4,1,270,0,0,0,0,1
1371,30,5,20,94545,4,0.5,3,117,0,0,0,0,0
2021,59,34,33,94303,3,0.2,1,0,0,1,0,0,0
1273,64,39,83,95616,3,1.8,2,0,0,0,0,1,0
1381,60,34,105,92103,2,1.4,1,0,0,0,0,1,0
1931,56,29,51,94080,3,1,2,0,0,0,0,1,0
1411,60,35,44,92126,4,2.1,1,0,0,0,0,0,0
1435,65,41,55,93106,2,1.1,1,0,0,0,0,0,0
1025,58,33,122,93711,4,0.2,2,0,1,0,1,1,0
429,62,38,24,94720,2,1,1,116,0,0,0,0,1
753,64,39,22,90071,4,0.6,2,0,0,0,0,0,0
2187,26,2,92,96001,2,0.2,1,0,0,0,0,1,0
691,59,34,52,94115,2,1.6,3,75,0,0,0,1,0
592,30,5,51,92037,1,1,1,0,0,0,0,1,0
2325,41,11,35,93107,1,0.75,3,114,0,0,0,1,0
1998,54,30,61,92093,1,1.8,3,0,0,0,0,1,0
1100,30,6,52,92717,3,0.7,2,0,0,0,0,1,0
859,45,19,19,94720,3,0.5,2,0,0,0,0,1,0
749,41,17,14,91330,1,1,1,0,0,0,0,0,0
594,33,7,48,90025,4,2.2,2,0,0,0,0,1,0
183,24,0,135,95133,1,1.5,1,0,0,0,0,1,0
1067,30,5,125,90016,4,0.5,3,0,1,0,1,1,0
9,35,10,81,90089,3,0.6,2,104,0,0,0,1,0
344,35,5,22,93407,1,0.67,3,103,0,0,0,0,0
2260,24,0,82,90401,3,0.8,1,0,0,0,0,1,0
60,31,5,188,91320,2,4.5,1,455,0,0,0,0,0
387,30,5,41,95051,4,1.7,2,0,0,0,0,1,0
2301,66,41,70,93711,3,2.2,1,0,0,0,0,0,0
1294,56,31,81,92373,2,3.7,1,121,0,0,0,1,1
230,48,24,71,93117,2,1.7,1,145,0,0,0,0,1
1208,38,12,43,94301,4,1.2,2,0,0,0,0,0,1
2333,40,16,35,94022,1,1.4,3,0,0,0,0,1,1
510,52,28,118,90503,2,6.8,1,112,0,0,0,1,0
1095,50,24,44,94086,4,1.8,1,0,0,0,0,1,1
464,48,22,149,94928,2,5.5,2,0,1,1,1,1,0
25,36,11,152,95521,2,3.9,1,159,0,0,0,0,1
862,60,30,28,92354,1,1.5,3,124,0,1,0,1,0
1171,35,10,104,91320,3,0.6,2,0,0,0,0,0,1
670,56,29,41,94109,4,2.5,2,0,0,0,0,0,0
1526,43,18,58,95747,1,2.4,1,0,0,0,0,0,0
1246,46,21,41,94025,1,1.4,3,128,0,0,0,1,0
2074,46,20,54,91107,1,0.7,3,154,0,0,0,1,1
832,61,31,49,94066,4,1.67,3,0,0,0,0,1,0
2311,32,6,32,92806,2,0.3,1,0,0,0,0,0,0
1895,51,25,29,94303,4,0.1,1,0,0,0,0,1,1
1663,63,38,84,94607,4,0.1,2,0,0,0,0,0,0
1757,42,17,23,95053,2,0,3,0,0,0,0,0,0
1556,59,33,49,93009,4,1.7,2,104,0,0,0,1,0
1963,28,4,155,90019,1,6.33,1,0,0,0,0,0,0
342,31,6,55,92038,4,2,2,185,0,0,0,1,0
752,53,28,98,90210,1,1.3,3,355,0,0,0,1,0
746,30,4,49,93955,3,1.1,2,0,0,0,0,0,1
1789,38,13,23,91116,4,0.2,3,0,0,0,0,1,0
2427,61,36,55,94132,3,0.9,3,197,0,0,0,0,0
1860,67,41,20,91741,2,0.4,1,80,0,0,0,0,0
2354,61,36,12,93023,4,0.6,2,0,0,0,0,1,1
775,55,29,39,92154,1,0.2,1,0,0,0,0,0,1
1918,62,32,53,96001,4,1.67,3,142,0,0,0,0,0
261,51,27,58,92407,1,0,1,0,0,0,0,0,1
2244,54,28,79,91342,3,1.7,2,150,0,0,0,1,1
2100,53,29,10,90095,2,0.4,1,0,0,0,0,0,0
83,41,16,82,92507,1,4,3,0,0,0,0,1,0
2067,41,16,30,95814,2,1.4,2,0,0,0,0,0,1
1579,38,13,12,94143,2,0.3,2,104,0,1,0,1,0
47,39,14,43,95014,3,0.7,2,153,0,0,0,1,0
288,37,12,62,92110,3,0.7,2,0,0,0,0,0,1
1317,28,3,51,94086,2,1.6,3,123,0,0,0,0,0
457,64,39,42,92068,3,0.5,2,116,0,0,0,1,0
528,33,8,65,90027,2,0.1,1,89,0,0,0,1,0
63,42,18,22,90089,1,1,1,0,0,0,0,0,0
1000,60,35,18,92120,1,1.5,2,0,0,0,0,1,1
2110,47,23,178,93014,1,6.5,3,0,1,0,0,0,0
399,54,30,23,94608,2,0.4,1,0,0,0,0,0,0
1398,65,41,45,95521,3,0.1,3,0,0,0,0,1,0
1877,62,38,123,90210,1,2.9,1,0,0,0,0,0,0
349,40,15,173,95060,4,6.6,1,0,1,0,1,1,1
1715,51,27,155,94720,2,0.4,1,107,0,0,0,0,1
1722,54,29,59,92867,2,2.3,3,152,0,0,0,1,0
1070,44,18,75,91203,2,3.5,1,0,1,0,0,1,0
1940,55,31,23,94122,2,0.2,1,0,0,0,0,1,0
1248,52,28,39,94606,2,0.8,1,0,0,0,0,1,0
620,57,27,73,93106,1,3,3,0,0,0,0,0,0
1535,59,34,30,92084,1,1.3,1,0,0,0,0,1,1
2012,46,21,39,92507,4,0,2,0,0,0,0,1,0
673,51,27,23,96651,1,0.2,1,0,0,0,0,1,0
1438,28,3,123,92007,1,0.8,1,146,0,0,0,0,0
605,28,3,70,90245,4,2.2,1,240,0,0,0,0,1
1988,56,31,52,94118,3,2,2,0,0,1,1,1,1
2366,43,18,22,91311,2,0.3,2,0,0,0,0,0,0
1231,27,1,25,94920,4,0.3,2,0,0,0,0,1,1
1033,37,12,42,94720,3,0.7,2,0,0,0,0,1,1
2166,27,0,38,95929,4,1,3,154,0,0,0,1,0
13,48,23,114,93106,2,3.8,3,0,0,1,0,0,0
1282,39,15,52,92093,3,2.33,1,0,0,0,0,1,0
1695,48,23,35,94025,4,0.4,2,118,0,0,0,0,0
2383,46,20,185,94131,4,7.5,2,428,1,0,0,0,1
1356,61,37,48,91910,1,0.8,1,158,0,0,0,1,0
500,50,25,42,93108,3,1.7,2,0,0,0,0,1,0
933,51,27,112,94720,3,1.8,2,0,0,1,1,1,1
492,42,18,34,92115,4,0.3,1,104,0,1,0,1,0
1416,33,8,48,94019,1,1,1,212,0,0,0,1,0
2118,31,7,15,91380,3,0.9,3,0,0,0,0,1,0
1277,42,16,20,95351,2,0.8,3,117,0,0,0,1,1
136,58,33,45,93010,4,2.1,1,0,0,0,0,1,1
538,44,20,131,90717,1,4.9,3,0,1,0,0,1,0
132,58,34,149,93720,4,7.2,2,0,1,0,1,1,1
147,46,19,84,94102,1,2.67,2,0,0,0,0,1,1
557,60,34,21,93105,3,0.3,3,129,0,0,0,1,0
603,29,5,135,95035,2,0.6,1,0,0,0,0,0,0
915,65,41,195,91711,3,0.4,1,0,1,1,1,0,1
244,65,39,170,90095,3,7.9,3,99,1,0,1,1,0
1593,56,31,192,90089,1,7,3,0,1,0,1,1,0
2258,47,23,130,91763,2,1.4,1,0,0,0,0,0,0
194,48,24,21,93118,4,0.6,1,0,0,0,0,1,1
745,45,20,154,94720,2,2.8,1,0,0,1,0,1,0
2080,26,2,40,94132,1,1,3,0,0,0,0,1,0
1364,32,8,79,92115,1,0.1,1,0,0,0,0,0,0
965,27,1,78,92037,4,2.3,3,157,0,1,0,1,0
981,38,13,114,92697,1,1,3,0,0,0,0,1,1
735,66,42,53,92182,2,1.1,1,0,0,0,0,1,1
2280,47,23,34,91711,4,0.6,1,0,0,0,1,1,1
1367,60,34,33,91107,2,0.3,1,101,0,0,0,1,0
384,44,18,53,94608,1,0.2,1,0,0,0,0,1,0
1545,39,15,24,92123,1,1,1,116,0,0,0,1,1
1332,31,7,84,92692,1,0.1,1,0,0,0,0,1,0
431,51,26,113,94086,1,1.3,3,161,0,0,0,1,0
1552,50,25,192,94115,2,2.8,1,238,0,0,0,0,1
559,30,5,38,95064,4,2,2,0,0,1,0,0,0
1017,30,5,69,94720,1,0.8,2,0,0,1,0,1,0
1255,36,12,40,91101,2,0.6,3,0,0,0,0,1,1
1842,42,17,91,94583,1,0.1,2,199,0,0,0,1,1
1706,48,24,79,90245,4,1.4,2,0,0,1,0,0,1
1635,59,34,18,95814,3,1.3,2,104,0,0,1,1,1
1589,29,3,55,95616,3,1.1,2,0,0,0,0,1,0
1124,46,20,91,92521,4,2.6,3,0,0,0,0,0,0
2396,44,17,25,95064,3,1,2,0,0,0,0,0,1
2005,30,4,44,92704,1,1.9,3,143,0,0,0,0,0
1153,63,37,21,95831,2,0.4,1,0,0,0,0,1,0
1723,26,2,72,92647,4,2.6,1,0,0,1,1,1,0
2353,46,19,59,93555,3,2.67,2,0,0,0,0,0,0
2026,47,20,79,94720,3,2,2,185,0,1,0,0,0
5,35,8,45,91330,4,1,2,0,0,0,0,0,1
1126,37,13,172,95003,2,6.5,1,0,0,0,0,0,0
378,30,5,40,94402,4,2,2,0,0,0,0,1,0
2076,40,16,53,94123,4,2,3,0,0,0,0,0,0
1951,36,12,38,94109,1,1.5,2,0,0,0,0,0,0
523,36,11,72,91007,1,2.8,1,224,0,0,0,0,0
1468,62,36,29,91107,2,0.7,3,0,0,0,0,0,0
822,39,13,33,92093,4,1.5,3,0,0,0,0,0,0
1811,60,34,35,90025,1,0.2,1,0,0,0,0,1,0
