Date,Current,High,Low,Volume,Trade,Total
2015-01-02,1926.44,1929.15,1909.67,258776,3696029,1198010248
2015-01-05,1915.75,1921.96,1903.37,313443,4700136,1191526455
2015-01-06,1882.45,1900.02,1877.38,303688,4755440,1171167157
2015-01-07,1883.83,1887.6,1876.27,280510,3762677,1171990821
2015-01-08,1904.65,1907.23,1891.77,262207,4395567,1185170312
2015-01-09,1924.7,1929.1,1915.85,308781,4406669,1197321954
2015-01-12,1920.95,1924.66,1917.88,311915,3581796,1195196342
2015-01-13,1917.14,1920.77,1910.27,338989,4873084,1193106587
2015-01-14,1913.66,1925.68,1913.51,297517,4526793,1190978917
2015-01-15,1914.14,1919.69,1908.6,266544,3892782,1191087315
2015-01-16,1888.13,1907.07,1885.62,298733,4008277,1174782572
2015-01-19,1902.62,1912.42,1900.26,281120,3583091,1183896613
2015-01-20,1918.31,1918.85,1907.97,280895,3636919,1193690149
2015-01-21,1921.23,1921.88,1909.86,300843,4401216,1196688635
2015-01-22,1920.82,1932.5,1916.56,343132,4597898,1196156121
2015-01-23,1936.09,1945.36,1930.65,367702,4644549,1205486406
2015-01-26,1935.68,1936.4,1924.14,330607,3969674,1204518131
2015-01-27,1952.4,1952.41,1940.72,466962,4619118,1214526540
2015-01-28,1961.58,1963.53,1943.59,400930,5333257,1220210452
2015-01-29,1951.02,1960.12,1946.2,391034,5334660,1214462590
2015-01-30,1949.26,1964.13,1948.6,441477,5889623,1213492316
2015-02-02,1952.68,1956.1,1944.58,364831,4375860,1215563731
2015-02-03,1951.96,1960.35,1940.74,369978,4659076,1214680337
2015-02-04,1962.79,1970.27,1961.57,348032,5028816,1221801023
2015-02-05,1952.84,1962.15,1945.42,395653,4334613,1215349284
2015-02-06,1955.52,1955.52,1945.82,309818,5949733,1217108796
2015-02-09,1947,1952.86,1944.79,310182,4326855,1212134056
2015-02-10,1935.86,1954.2,1935.86,329203,4136832,1205357397
2015-02-11,1945.7,1948.89,1937.95,307454,4227731,1210590445
2015-02-12,1941.63,1947.47,1932.75,334825,4319340,1208275844
2015-02-13,1957.5,1957.5,1946.94,351080,4073754,1218291649
2015-02-16,1958.23,1963.44,1955.39,350944,3690780,1218670142
2015-02-17,1961.45,1962.97,1952.33,304531,3510747,1220463775
2015-02-23,1968.39,1976.96,1966.77,347581,4142518,1224574990
2015-02-24,1976.12,1980.38,1972.61,309544,4262649,1229471283
2015-02-25,1990.47,1992.03,1984.53,369498,5017453,1238838904
2015-02-26,1993.08,1993.43,1983.94,385656,5153504,1240227987
2015-02-27,1985.8,1993.34,1982.5,424548,5675034,1235242829
2015-03-02,1996.81,1999.13,1988.33,373366,5785660,1242157728
2015-03-03,2001.38,2003.05,1995.93,444865,5438365,1245663369
2015-03-04,1998.29,2003.85,1996.5,374540,4724947,1244053793
2015-03-05,1998.38,2002.48,1993.92,373683,4055523,1243683404
2015-03-06,2012.94,2013.73,2003.18,393347,4809475,1253062506
2015-03-09,1992.82,2005.81,1990.87,296747,4048388,1240328478
2015-03-10,1984.77,2003.19,1982.22,433405,4786369,1235314121
2015-03-11,1980.83,1984.6,1969.13,399532,5887014,1233596861
2015-03-12,1970.59,1988.77,1970.59,384041,6400260,1227699040
2015-03-13,1985.79,1991.87,1982.96,326707,4350273,1237140385
2015-03-16,1987.33,1991.79,1982.26,319163,4646946,1237802459
2015-03-17,2029.91,2029.91,1997.27,356554,5386343,1263927338
2015-03-18,2028.45,2036.13,2026.72,362009,5388526,1263191048
2015-03-19,2037.89,2047.13,2031.07,468284,5799017,1269130014
2015-03-20,2037.24,2040,2027.81,351732,5195223,1268219950
2015-03-23,2036.59,2043.92,2032.35,314897,4686340,1267982784
2015-03-24,2041.37,2041.77,2028.54,328834,4664616,1270912537
2015-03-25,2042.81,2046.97,2038.14,423409,5109071,1272663590
2015-03-26,2022.56,2036.7,2019.51,342261,5154957,1260042046
2015-03-27,2019.8,2027.25,2016.88,448964,5110739,1258779522
2015-03-30,2030.04,2033.27,2018.12,439556,4465390,1264850793
2015-03-31,2041.03,2046.9,2032.24,555933,5367292,1272317323
2015-04-01,2028.45,2039.04,2024.64,542801,5386245,1265134363
2015-04-02,2029.07,2040.45,2028.22,655864,6006832,1265451082
2015-04-03,2045.42,2045.94,2031.27,498636,4527546,1275569668
2015-04-06,2046.43,2055.45,2043.26,460493,4769018,1276962029
2015-04-07,2047.03,2059.09,2043.79,436233,4861154,1278076420
2015-04-08,2059.26,2060.19,2046.09,552684,6518068,1286164640
2015-04-09,2058.87,2064.46,2054.17,529862,6045591,1285499571
2015-04-10,2087.76,2089.09,2065.39,658383,6414643,1303644135
2015-04-13,2098.92,2099.97,2088.82,561806,7020313,1310679792
2015-04-14,2111.72,2111.73,2095.97,648846,8051715,1318448528
2015-04-15,2119.96,2122.72,2110.25,451397,7378687,1322955333
2015-04-16,2139.9,2139.9,2125.54,476420,7320104,1335363966
2015-04-17,2143.5,2144.76,2134.1,464627,6344547,1338322786
2015-04-20,2146.71,2146.73,2126.55,509037,7095217,1340100490
2015-04-21,2144.79,2153.84,2140.12,561781,6925599,1338614031
2015-04-22,2143.89,2161.23,2125.88,769387,8537488,1338086372
2015-04-23,2173.41,2174.72,2139.33,521587,8225131,1356487315
2015-04-24,2159.8,2189.54,2154.27,508420,8265327,1346807973
2015-04-27,2157.54,2169.14,2152.09,392339,6196420,1345398327
2015-04-28,2147.67,2164.52,2144.85,415055,6144217,1339024328
2015-04-29,2142.63,2156.24,2126.36,458065,6700508,1336120381
2015-04-30,2127.17,2136.9,2121.29,509130,6171207,1327284545
2015-05-04,2132.23,2139.3,2128.72,355620,4729117,1330971660
2015-05-06,2104.58,2123.22,2095.6,428092,5673933,1313221989
2015-05-07,2091,2099.44,2067.99,423246,5464314,1304188947
2015-05-08,2085.52,2094.06,2082.72,309505,4760652,1300179698
2015-05-11,2097.38,2110.79,2097.38,329704,5040356,1307246124
2015-05-12,2096.77,2101.72,2088.64,391924,5016009,1305255568
2015-05-13,2114.16,2115.36,2100.08,377032,5001954,1315899887
2015-05-14,2120.33,2121.68,2111.72,430833,5117208,1320368108
2015-05-15,2106.5,2134.36,2104.77,491706,6152414,1311860888
2015-05-18,2113.72,2113.72,2099.48,445155,5853343,1316383346
2015-05-19,2120.85,2126.89,2107.62,418480,5758117,1320658615
2015-05-20,2139.54,2140.24,2125.49,452114,6080979,1332753718
2015-05-21,2122.81,2140.6,2121.49,398146,5683597,1322590771
2015-05-22,2146.1,2146.1,2126.88,444585,6084899,1336758600
2015-05-26,2143.5,2148.7,2130.3,381383,6664711,1335922314
2015-05-27,2107.5,2134.95,2103.64,439029,8038776,1313307991
2015-05-28,2110.89,2123.52,2110.89,416116,6847486,1315524158
2015-05-29,2114.8,2123.39,2106.7,456143,7898248,1318606947
2015-06-01,2102.37,2110.88,2086,426928,5897428,1310109641
2015-06-02,2078.64,2107.17,2076.16,520056,7029220,1294288904
2015-06-03,2063.16,2087.95,2059.34,541167,6612354,1285026881
2015-06-04,2072.86,2082.6,2062.75,400364,7425342,1291801430
2015-06-05,2068.1,2075.02,2060.91,394291,6196819,1288676222
2015-06-08,2065.19,2068.51,2056.5,393564,5600602,1285935551
2015-06-09,2064.03,2073.75,2057.21,421881,5606086,1284380957
2015-06-10,2051.32,2080.03,2049.13,427361,6260203,1276549989
2015-06-11,2056.61,2065.07,2051.1,457020,7628903,1279618526
2015-06-12,2052.17,2074.78,2044.87,388258,6152211,1277287528
2015-06-15,2042.32,2049.68,2033.72,313946,4968902,1271122016
2015-06-16,2028.72,2045.77,2008.46,381408,6360420,1262980145
2015-06-17,2034.86,2037.12,2021.5,354723,5112642,1267459896
2015-06-18,2041.88,2052,2036.78,390973,5324239,1271691513
2015-06-19,2046.96,2057.71,2044.71,400329,5649939,1274578489
2015-06-22,2055.16,2068.07,2050.3,266962,4320381,1279769868
2015-06-23,2081.2,2086.09,2066.21,329799,5293354,1296185989
2015-06-24,2085.53,2087.68,2076.78,400754,5340099,1299458967
2015-06-25,2085.06,2088.16,2073.95,575912,5935775,1298501594
2015-06-26,2090.26,2097.01,2080.79,492774,6345469,1301822077
2015-06-29,2060.49,2068.85,2054.33,503807,6207218,1284489136
2015-06-30,2074.2,2075.02,2049.44,392413,5653578,1293129967
2015-07-01,2097.89,2100.34,2072.54,471566,5887524,1307385643
2015-07-02,2107.33,2110.81,2098.76,565339,7123090,1313180646
2015-07-03,2104.41,2109.68,2094.02,419549,5993989,1310771039
2015-07-06,2053.93,2089.86,2052.23,474043,6359280,1279274183
2015-07-07,2040.29,2067.93,2028.98,502809,8282446,1270619129
2015-07-08,2016.21,2046.33,2010.83,453118,7561890,1256567111
2015-07-09,2027.81,2027.81,1983.78,408458,7076332,1263596381
2015-07-10,2031.17,2037.84,2024.76,381307,6694045,1266003543
2015-07-13,2061.52,2063.28,2030.21,426287,6234782,1284730942
2015-07-14,2059.23,2070.44,2052.21,503078,6807343,1282991294
2015-07-15,2072.91,2079.9,2060.66,619129,7571106,1291539233
2015-07-16,2087.89,2088.33,2071.02,697930,7511197,1300883330
2015-07-17,2076.79,2101.22,2068.36,819227,8471374,1295334485
2015-07-20,2073.31,2081.43,2068.19,870680,6032627,1293193523
2015-07-21,2083.62,2088.24,2069.21,727407,6566887,1299896412
2015-07-22,2064.73,2075.94,2059.45,1160824,6842552,1288606919
2015-07-23,2065.07,2069.2,2053.52,739793,6236606,1289026392
2015-07-24,2045.96,2060.66,2040.3,611869,6152505,1277379658
2015-07-27,2038.81,2048.15,2032.44,543243,6377311,1273665527
2015-07-28,2039.1,2045.55,2015.91,498527,6616942,1273289346
2015-07-29,2037.62,2055.95,2037.62,520573,6702194,1272961246
2015-07-30,2019.03,2044.93,2019.03,509318,6809942,1262118199
2015-07-31,2030.16,2030.16,2004.7,448192,6285953,1268862612
2015-08-03,2008.49,2026.25,2005.21,358746,5118528,1255710752
2015-08-04,2027.99,2027.99,2007.66,388790,5020051,1267664208
2015-08-05,2029.76,2035.25,2022.98,319212,5064871,1268581539
2015-08-06,2013.29,2038.41,2011.6,340507,5884337,1257563011
2015-08-07,2010.23,2012.9,2001.13,334578,4744990,1256006486
2015-08-10,2003.17,2008.55,1993.96,308327,4491921,1252313277
2015-08-11,1986.65,2021.81,1986.46,366408,5080635,1242034736
2015-08-12,1975.47,1989.1,1948.91,524252,6860222,1235286893
2015-08-13,1983.46,1990.7,1966.02,376591,5178551,1239674654
2015-08-17,1968.52,1991.05,1968.44,561574,4622504,1228555722
2015-08-18,1956.26,1979.33,1954.35,472766,5607258,1221559996
2015-08-19,1939.38,1959.51,1915.91,506786,7253388,1211657714
2015-08-20,1914.55,1933.79,1912.55,397527,5157649,1196321599
2015-08-21,1876.07,1886.49,1856.91,512314,6834430,1172659638
2015-08-24,1829.81,1872.86,1800.75,415178,6235256,1143177407
2015-08-25,1846.63,1864.3,1806.79,451587,6679761,1153956825
2015-08-26,1894.09,1895.45,1835.58,453387,6849271,1182380356
2015-08-27,1908,1920.39,1898.98,482661,6719363,1191319289
2015-08-28,1937.67,1938.61,1927.39,446751,6519469,1209654494
2015-08-31,1941.49,1941.49,1925.52,350943,6024472,1212680898
2015-09-01,1914.23,1939.67,1914.22,324479,4831116,1196137315
2015-09-02,1915.22,1920.62,1883.5,342022,5014264,1196968638
2015-09-03,1915.53,1931.19,1911.17,297283,4624097,1198605654
2015-09-04,1886.04,1923.06,1879.94,361090,4688499,1180704916
2015-09-07,1883.22,1895.99,1870.59,288157,3785322,1179516488
2015-09-08,1878.68,1894.56,1868.48,391891,4759166,1176912600
2015-09-09,1934.2,1934.2,1902.93,516171,5303536,1210916528
2015-09-10,1962.11,1962.11,1915.44,460345,5498232,1227341573
2015-09-11,1941.37,1951.26,1939.73,503010,4679790,1215172342
2015-09-14,1931.46,1948.02,1921.45,362915,4136992,1209580982
2015-09-15,1937.56,1938.9,1927.62,390824,4067673,1214290196
2015-09-16,1975.45,1978.68,1949.15,584758,5959319,1238163363
2015-09-17,1976.49,1989.07,1972.93,510173,5676960,1238718462
2015-09-18,1995.95,1996.47,1964.12,523798,6807801,1250560937
2015-09-21,1964.68,1980.8,1960.11,376423,3858232,1230985524
2015-09-22,1982.06,1983.99,1966.05,696372,4534815,1242197297
2015-09-23,1944.64,1968.16,1944.51,856989,5433916,1218891581
2015-09-24,1947.1,1958.73,1944.31,921265,5080728,1220294717
2015-09-25,1942.85,1951.94,1932.49,796574,4311737,1217368815
2015-09-30,1962.81,1962.84,1915.04,546992,5655560,1230579424
2015-10-01,1979.32,1986.01,1958.63,678978,5229856,1240669928
2015-10-02,1969.68,1985.57,1969.68,1030977,5277113,1236240729
2015-10-05,1978.25,1994.65,1975.55,545634,4651118,1241237367
2015-10-06,1990.65,1998.02,1985.17,661636,5633450,1249178502
2015-10-07,2005.84,2006.24,1994.55,761720,6195453,1259986163
2015-10-08,2019.53,2020.19,1998.66,700993,6259808,1268109506
2015-10-12,2021.63,2030.92,2015.43,635085,6219312,1269227363
2015-10-13,2019.05,2024.5,2010.16,604996,5193985,1267759092
2015-10-14,2009.55,2016.14,2002.63,644803,5031597,1262498317
2015-10-15,2033.27,2035.8,2007.46,498901,4655278,1277356778
2015-10-16,2030.26,2038.06,2025.19,550798,5350548,1275140481
2015-10-19,2030.27,2036.3,2022.25,726843,4283441,1275173624
2015-10-20,2039.36,2040.24,2026.67,958060,4787760,1280746439
2015-10-21,2042.98,2053.95,2035.59,668945,5438631,1287677503
2015-10-22,2023,2042.57,2019.53,695814,5951986,1275462393
2015-10-23,2040.4,2054.82,2036.92,648999,5384801,1286286064
2015-10-26,2048.08,2049.6,2039.97,459950,4343328,1291107718
2015-10-27,2044.65,2045.81,2036.22,449155,4095909,1288864110
2015-10-28,2042.51,2045.67,2032.39,402201,5094460,1288005914
2015-10-29,2034.16,2064.72,2032.56,481349,6261445,1284194609
2015-10-30,2029.47,2038.56,2027.8,380671,6187956,1284928132
2015-11-02,2035.24,2036.05,2028.2,366382,4771553,1288909458
2015-11-03,2048.4,2053.24,2040.75,591737,5797182,1296486161
2015-11-04,2052.77,2056.12,2042.38,545086,4953164,1299093722
2015-11-05,2049.41,2050.44,2039.93,349079,4024588,1296940923
2015-11-06,2041.07,2055.14,2038.46,465030,4590162,1293197659
2015-11-09,2025.7,2038.59,2022.52,435389,6058318,1283538895
2015-11-10,1996.59,2015.45,1988.54,417458,5734870,1265046203
2015-11-11,1997.27,2001.73,1983.14,286567,3874412,1266240860
2015-11-12,1993.36,1998.66,1991.28,389445,3492604,1263875640
2015-11-13,1973.29,1981.27,1969.71,342313,4261918,1251364867
2015-11-16,1943.02,1956.09,1942.85,433427,5358919,1232730118
2015-11-17,1963.58,1974.08,1959.22,417559,4510066,1245962998
2015-11-18,1962.88,1973.16,1961.43,541860,4611918,1245925943
2015-11-19,1988.91,1988.92,1972.85,422517,5130497,1263302131
2015-11-20,1989.86,1993.97,1985.93,413656,4032701,1263182530
2015-11-23,2003.7,2008.34,1992.86,383231,4481649,1271487516
2015-11-24,2016.29,2019.95,2003.06,417005,4362321,1279475820
2015-11-25,2009.42,2018.93,2007.91,391647,4256142,1274840957
2015-11-26,2030.68,2033.18,2014.88,454457,4428687,1288215418
2015-11-27,2028.99,2038.72,2026.4,481951,4005776,1286995052
2015-11-30,1991.97,2022.38,1987.12,452866,6538490,1263656186
2015-12-01,2023.93,2026.33,2001.51,573342,4902802,1284539542
2015-12-02,2009.29,2026.19,2009.29,631315,4415990,1275060982
2015-12-03,1994.07,2000.2,1981.59,365870,3515393,1265264412
2015-12-04,1974.4,1983.02,1970.48,379466,3297515,1253193062
2015-12-07,1963.67,1988.04,1963.66,382133,3396773,1245865766
2015-12-08,1949.04,1971.07,1948.43,406176,3632715,1234740686
2015-12-09,1948.24,1956.7,1944.78,378095,3690506,1234234604
2015-12-10,1952.07,1956.84,1940.4,377849,4699413,1236360404
2015-12-11,1948.62,1961,1943.67,380713,4126570,1234143722
2015-12-14,1927.82,1930.4,1919.22,439741,4272255,1221052368
2015-12-15,1932.97,1938.04,1925.75,434738,3643732,1224352614
2015-12-16,1969.4,1975.63,1950.05,475098,4306031,1247470364
2015-12-17,1977.96,1987.83,1967.64,379574,3923864,1253042882
2015-12-18,1975.32,1981.42,1958.12,677729,4218016,1251129346
2015-12-21,1981.19,1986.66,1968.14,539596,3594695,1254807195
2015-12-22,1992.56,1992.72,1971.32,577236,4181140,1261894716
2015-12-23,1999.22,2007.42,1989.3,502367,4345763,1266100583
2015-12-24,1990.65,2009.99,1990.65,504620,3617395,1260855414
2015-12-28,1964.06,1991.19,1964.06,396643,3840600,1245487966
2015-12-29,1966.31,1968.57,1946.21,401428,3798204,1245674313
2015-12-30,1961.31,1974.67,1958.78,304463,3706627,1242832089
2016-01-04,1918.76,1954.52,1918.76,359018,3966274,1215384387
2016-01-05,1930.53,1937.57,1911.93,446549,4197594,1222621740
2016-01-06,1925.43,1934.25,1911.61,594613,6274717,1219296930
2016-01-07,1904.33,1926.41,1901.24,393042,5003025,1205546062
2016-01-08,1917.62,1918.25,1883.82,430204,5205454,1213738733
2016-01-11,1894.84,1907.43,1892.69,328768,4509490,1199940483
2016-01-12,1890.86,1910.59,1888.94,295136,3917469,1196604297
2016-01-13,1916.28,1921,1902.49,265221,3943112,1212573969
2016-01-14,1900.01,1900.48,1882.02,310979,4387096,1202051363
2016-01-15,1878.87,1918.3,1873.35,312360,4578794,1188669435
2016-01-18,1878.45,1882.21,1854.55,276937,4119704,1188342443
2016-01-19,1889.64,1889.9,1866.76,335321,4536459,1196846006
2016-01-20,1845.45,1885.36,1830.06,407299,5339553,1168847406
2016-01-21,1840.53,1860.02,1838.04,433742,4792984,1165653994
2016-01-22,1879.43,1879.43,1859.54,408460,4399146,1190177921
2016-01-25,1893.43,1901.22,1882.74,315304,4049948,1199185333
2016-01-26,1871.69,1884.13,1862.98,298825,4470666,1185447563
2016-01-27,1897.87,1902.03,1883.39,348905,5065421,1202100437
2016-01-28,1906.94,1907.56,1877.78,354306,6242581,1207459165
2016-01-29,1912.06,1912.07,1888.48,386555,6483654,1207457690
2016-02-01,1924.82,1926.11,1912.85,440317,5160758,1215560971
2016-02-02,1906.6,1920.02,1906.06,412273,4639399,1203571836
2016-02-03,1890.67,1894.72,1882.75,408595,4815439,1193846682
2016-02-04,1916.26,1917.09,1897.18,365805,5253766,1210371424
2016-02-05,1917.79,1921.76,1910.31,305767,4791924,1212176289
2016-02-11,1861.54,1877.77,1858.9,386428,4770142,1176622962
2016-02-12,1835.28,1857.12,1817.97,470500,6338971,1160328510
2016-02-15,1862.2,1864.62,1847.6,284595,4500530,1177463738
2016-02-16,1888.3,1892.15,1868.11,388318,4267908,1193523037
2016-02-17,1883.94,1897.37,1881.03,344629,5188346,1191552737
2016-02-18,1908.84,1910.12,1898.49,332576,4785965,1206990296
2016-02-19,1916.24,1916.24,1902.24,312198,3880810,1211528782
2016-02-22,1916.36,1921.14,1905.85,267859,3486295,1211715539
2016-02-23,1914.22,1929.53,1909.79,326811,3982344,1210413880
2016-02-24,1912.53,1918.63,1906.19,281601,3556542,1209058668
2016-02-25,1918.57,1928.49,1906.99,305790,4179857,1213111446
2016-02-26,1920.16,1927.8,1917.07,280217,4644806,1215116614
2016-02-29,1916.66,1927.05,1916.66,275052,4615417,1213244564
2016-03-02,1947.42,1949.94,1942.24,323352,5178067,1232705587
2016-03-03,1958.17,1958.17,1946.57,420984,4981597,1240008234
2016-03-04,1955.63,1958.46,1949.47,316418,4605781,1238204596
2016-03-07,1957.87,1963.43,1955.97,344613,4687644,1239615544
2016-03-08,1946.12,1958.94,1935.55,358685,4893203,1232017083
2016-03-09,1952.95,1952.95,1938.32,355392,4280889,1235545056
2016-03-10,1969.33,1976.19,1955.67,352325,5162483,1246487835
2016-03-11,1971.41,1975.87,1966.65,303419,4207111,1248055842
2016-03-14,1972.27,1985.9,1970.56,357078,4218503,1248793363
2016-03-15,1969.97,1979.46,1966.44,264583,3813225,1247136108
2016-03-16,1974.9,1982.08,1969.66,294461,4124127,1250641744
2016-03-17,1987.99,2000.3,1984.33,291578,5094461,1258766313
2016-03-18,1992.12,1996.31,1986.04,385848,4776064,1261477235
2016-03-21,1989.76,2003.12,1982.7,323260,4043690,1260543529
2016-03-22,1996.81,1997.76,1986.87,383752,4492776,1265131035
2016-03-23,1995.12,2001.67,1989.84,367551,4019678,1264002062
2016-03-24,1985.97,1992.76,1981.17,341173,3822814,1258472322
2016-03-25,1983.81,1991.06,1981.53,463422,3806596,1256783617
2016-03-28,1982.54,1992.46,1981.37,410468,3406777,1256238512
2016-03-29,1994.91,1997.33,1984.07,385454,4044430,1264203668
2016-03-30,2002.14,2009.1,1998.51,368305,4619554,1269244086
2016-03-31,1995.85,2007.43,1986.74,335074,5203139,1265001896
2016-04-01,1973.57,1994.77,1970.17,392258,5156265,1250637258
2016-04-04,1978.97,1979.03,1969.35,363317,4262833,1254254153
2016-04-05,1962.74,1973.17,1959.26,368165,4026410,1243245434
2016-04-06,1971.32,1975.09,1961.51,358032,4569307,1248789221
2016-04-07,1973.89,1980.43,1964.99,434062,4631482,1249999633
2016-04-08,1972.05,1972.12,1954.11,400616,4388854,1249066943
2016-04-11,1970.37,1973.9,1963.21,379537,3863261,1248256434
2016-04-12,1981.32,1981.73,1968.5,387319,3944190,1255329129
2016-04-14,2015.93,2016.03,2000.83,473520,6406408,1276575530
2016-04-15,2014.71,2016.95,2008.68,317710,4523020,1276212676
2016-04-18,2009.1,2009.55,1998.49,339248,4304947,1273435355
2016-04-19,2011.36,2020.29,2007.68,401236,4465586,1274155091
2016-04-20,2005.83,2023.77,2005.82,423964,4653339,1270781210
2016-04-21,2022.1,2022.1,2009.45,392096,4783030,1280902761
2016-04-22,2015.49,2017.9,2010.94,480471,4215697,1276836008
2016-04-25,2014.55,2016.65,2007.18,397675,4423940,1276352744
2016-04-26,2019.63,2021.59,2011.85,509282,5281101,1278883150
2016-04-27,2015.4,2019.86,2012.75,412803,5398189,1276057089
2016-04-28,2000.93,2022.99,1998.6,341143,5460707,1266323307
2016-04-29,1994.15,1999.34,1983.3,401063,5334758,1261953136
2016-05-02,1978.15,1991.84,1977.03,328195,3879204,1248655660
2016-05-03,1986.41,1989.41,1979.66,310492,3813503,1253911676
2016-05-04,1976.71,1982.38,1969.22,352696,5056070,1248353738
2016-05-09,1967.81,1976.14,1962.92,342189,5303038,1243495067
2016-05-10,1982.5,1982.5,1964.9,369085,4857463,1252479087
2016-05-11,1980.1,1989.17,1970.48,398532,4451795,1251635369
2016-05-12,1977.49,1981.49,1970.54,462882,4144196,1249546729
2016-05-13,1966.99,1980.45,1962.77,509123,4545160,1242517730
2016-05-16,1967.91,1970.53,1961.32,526718,4872478,1242835129
2016-05-17,1968.06,1975.1,1962.57,597583,5521944,1243839736
2016-05-18,1956.73,1964.34,1945.56,696273,6697755,1236578880
2016-05-19,1946.78,1954.29,1942.48,505920,5307636,1230162314
2016-05-20,1947.67,1951.5,1940.36,388052,4455609,1230691700
2016-05-23,1955.25,1956.77,1940.44,399514,4062459,1235645260
2016-05-24,1937.68,1951.39,1937.67,517076,5005499,1224978780
2016-05-25,1960.51,1964.91,1951.17,656874,5456224,1240305865
2016-05-26,1957.06,1967.45,1955.97,558264,5103803,1238082336
2016-05-27,1969.17,1971.27,1959.75,523531,4911232,1246219400
2016-05-30,1967.13,1970.54,1955.49,550503,4664445,1244653363
2016-05-31,1983.4,1984.18,1958.16,657045,8612421,1255356335
2016-06-01,1982.72,1986.76,1975.82,502290,5383975,1255999302
2016-06-02,1985.11,1988,1978.82,474228,5400505,1257911512
2016-06-03,1985.84,1991.58,1979.66,540859,5497341,1258220250
2016-06-07,2011.63,2011.67,1992.77,481348,5541395,1274446268
2016-06-08,2027.08,2027.09,2008.59,497935,5845815,1283948013
2016-06-09,2024.17,2035.27,2012.14,599681,7955011,1282125842
2016-06-10,2017.63,2022.77,2014.15,404303,4777125,1278075774
2016-06-13,1979.06,2001.79,1976.69,443002,4679938,1253317434
2016-06-14,1972.03,1982.32,1965.34,439937,5009885,1249481895
2016-06-15,1968.83,1975.87,1960.97,376769,4694854,1247663848
2016-06-16,1951.99,1974.01,1944.8,438794,4452386,1237245630
2016-06-17,1953.4,1970.54,1949.6,485269,4488888,1238327356
2016-06-20,1981.12,1984.07,1969.56,391345,4045044,1255559309
2016-06-21,1982.7,1983.87,1971.99,557437,4514571,1256919869
2016-06-22,1992.58,1994.76,1979.37,407435,4136232,1263208700
2016-06-23,1986.71,1990.71,1980.14,455390,4220798,1259087310
2016-06-24,1925.24,2001.55,1892.75,750546,8724510,1221280862
2016-06-27,1926.85,1926.87,1900.83,394266,5175626,1222271046
2016-06-28,1936.22,1937.99,1907.49,373459,4452632,1227810137
2016-06-29,1956.36,1966.21,1941.9,451186,4865380,1240335079
2016-06-30,1970.35,1972.81,1959.28,349863,5326567,1250198142
2016-07-01,1987.32,1993.98,1975.89,448128,4325444,1261236964
2016-07-04,1995.3,1997.37,1985.11,468611,4150963,1266629651
2016-07-05,1989.85,1996.77,1985.94,405487,3951492,1263270454
2016-07-06,1953.12,1982.8,1944.33,457439,4764744,1239376225
2016-07-07,1974.08,1976.49,1959.83,378755,3936372,1252748245
2016-07-08,1963.1,1979.75,1956.91,356527,4315295,1245831577
2016-07-11,1988.54,1990.95,1977.81,337764,4384854,1262792040
2016-07-12,1991.23,1998.03,1986.45,432650,4485333,1263991200
2016-07-13,2005.55,2013.6,1995.84,357643,4743548,1273883223
2016-07-14,2008.77,2009.67,1997.94,340227,4318864,1276284573
2016-07-15,2017.26,2022.34,2011.1,477808,4640272,1285347839
2016-07-18,2021.11,2022.11,2012.3,380092,3569171,1287818135
2016-07-19,2016.89,2023.22,2010.27,380798,3766201,1285044648
2016-07-20,2015.46,2015.47,2003.87,316336,3541334,1284410624
2016-07-21,2012.22,2020.55,2007.59,391049,3921400,1282299382
2016-07-22,2010.34,2014.44,2002.66,320954,3866948,1280788529
2016-07-25,2012.32,2020.69,2006.63,350231,4053087,1281905616
2016-07-26,2027.34,2027.34,2008.25,338607,4072566,1291738101
2016-07-27,2025.05,2030.69,2021.15,411661,4493918,1289921314
2016-07-28,2021.1,2029.38,2014.36,350881,4343065,1287721677
2016-07-29,2016.19,2028.99,2016.19,366385,5028662,1283158114
2016-08-01,2029.61,2031.58,2024.57,369588,4822082,1291814814
2016-08-02,2019.03,2026.1,2017.59,409940,4314086,1284954079
2016-08-03,1994.79,2008.68,1993,485853,4387077,1269643958
2016-08-04,2000.03,2006.48,1994.73,326514,3648388,1273523592
2016-08-05,2017.94,2018.16,2004.37,289293,4168008,1285888530
2016-08-08,2031.12,2031.14,2018.81,270485,4169817,1293946098
2016-08-09,2043.78,2046.03,2032.18,436717,4172628,1301778454
2016-08-10,2044.64,2049.36,2039.86,331092,4638220,1302129885
2016-08-11,2048.8,2048.8,2035.25,346082,4490356,1304638117
2016-08-12,2050.47,2060.84,2046.15,376489,4667632,1305975257
2016-08-16,2047.76,2063.09,2047.73,374873,4503851,1304494576
2016-08-17,2043.75,2048.29,2032.53,391715,4406925,1301963105
2016-08-18,2055.47,2056.09,2041.9,353081,4764864,1310197227
2016-08-19,2056.24,2059.3,2049.52,392319,5005350,1311350305
2016-08-22,2042.16,2054.71,2040.51,343503,4101258,1302637823
2016-08-23,2049.93,2051.43,2041.86,360414,4470553,1307730331
2016-08-24,2043.76,2052.74,2039.53,285183,4144213,1303342577
2016-08-25,2042.92,2046,2035.01,277432,4198774,1302439448
2016-08-26,2037.5,2039.91,2027.68,288185,4011867,1298673905
2016-08-29,2032.35,2034.63,2024.93,316969,3843486,1295847423
2016-08-30,2039.74,2049.99,2036.76,378564,3817975,1300619797
2016-08-31,2034.65,2041.17,2027.24,400953,5485909,1296942351
2016-09-01,2032.72,2032.72,2016.47,300506,4373706,1294938068
2016-09-02,2038.31,2039.18,2030.17,342631,3937152,1298805435
2016-09-05,2060.08,2061,2047.49,572967,4127936,1312321591
2016-09-06,2066.53,2067.77,2057.26,462550,4096682,1317208172
2016-09-07,2061.88,2073.89,2061.88,687157,5053397,1313591171
2016-09-08,2063.73,2070.66,2053.2,656653,5643675,1315372676
2016-09-09,2037.87,2049.3,2029.46,392683,4373806,1298073357
2016-09-12,1991.48,2011.04,1991.47,422882,4815792,1267336204
2016-09-13,1999.36,2013.03,1997.58,437425,5146693,1273899302
2016-09-19,2015.78,2019.45,1997.1,434438,4961595,1284707657
2016-09-20,2025.71,2026.56,2010.25,362345,4186377,1291619685
2016-09-21,2035.99,2035.99,2021.78,525097,4132887,1298121409
2016-09-22,2049.7,2060.26,2048.8,447589,4259943,1307437444
2016-09-23,2054.07,2057.35,2048.96,494113,4536563,1308797963
2016-09-26,2047.11,2060.71,2042.7,359616,3691390,1304055998
2016-09-27,2062.82,2064.89,2031.13,664041,4712693,1313691311
2016-09-28,2053.06,2062.98,2051.68,546450,4045607,1307468513
2016-09-29,2068.72,2072.09,2063.74,416169,4543939,1318000053
2016-09-30,2043.63,2056.33,2042.77,326387,5739238,1301803837
2016-10-04,2054.86,2059.25,2050.46,318854,5019206,1309647620
2016-10-05,2053,2056.01,2036.87,292345,4329764,1308641459
2016-10-06,2065.3,2070.43,2055.83,337709,5358435,1317306738
2016-10-07,2053.8,2067.49,2051.6,422447,5403373,1309944963
2016-10-10,2056.82,2058.73,2039.99,314896,4666619,1309006187
2016-10-11,2031.93,2060.78,2030.51,343216,5340941,1291827780
2016-10-12,2033.73,2037.02,2022.39,297373,4832127,1293160804
2016-10-13,2015.44,2035.93,2014.89,440256,4507630,1281839997
2016-10-14,2022.66,2028.76,2021.11,458904,4189366,1286279151
2016-10-17,2027.61,2033.56,2011.81,333402,3750746,1289531338
2016-10-18,2040.43,2040.72,2026.47,305931,3906404,1297652128
2016-10-19,2040.94,2050.51,2035.9,321941,4097667,1298795666
2016-10-20,2040.6,2048.25,2036.54,276001,3954964,1299023980
2016-10-21,2033,2040.4,2029.79,260355,3489846,1294145303
2016-10-24,2047.74,2047.74,2036.77,252041,3588033,1303635039
2016-10-25,2037.17,2042.65,2031.25,299102,4966045,1296930773
2016-10-26,2013.89,2030.37,2002.29,392402,4750669,1282232415
2016-10-27,2024.12,2026.33,2015.66,298691,4901199,1288971635
2016-10-28,2019.42,2026.85,2015.72,270531,4245554,1286551479
2016-10-31,2008.19,2016.01,2005.95,400665,4365769,1279754773
2016-11-01,2007.39,2010.51,1990.45,321775,4462622,1278978193
2016-11-02,1978.94,1997.46,1976.34,333530,4404094,1260996821
2016-11-03,1983.8,1988.82,1973.58,272728,3780779,1263454855
2016-11-04,1982.02,1985.29,1976.57,227776,3112409,1262607502
2016-11-07,1997.58,2001.74,1992.14,210334,3131548,1272373470
2016-11-08,2003.38,2010.17,1994.33,239579,3238824,1276013950
2016-11-09,1958.38,2015.23,1931.07,709043,7431310,1247481566
2016-11-10,2002.6,2002.6,1983.26,433885,7012811,1284724724
2016-11-11,1984.43,1994.05,1982.15,386856,6718928,1272531403
2016-11-14,1974.4,1988.65,1974.27,352117,5099798,1265674765
2016-11-15,1967.53,1978.94,1967.21,375663,5095586,1261206252
2016-11-16,1979.65,1985.67,1976.63,306500,4655274,1269224972
2016-11-17,1980.55,1983.87,1968.8,272172,3539362,1270111146
2016-11-18,1974.58,1983.26,1968.13,306957,4742247,1269989910
2016-11-21,1966.05,1976.23,1962.42,223513,3501443,1264620460
2016-11-22,1983.47,1986.82,1974.05,231368,3941980,1276043793
2016-11-23,1987.95,1996.65,1981.22,308200,4690250,1277393597
2016-11-24,1971.26,1988.96,1968.5,235444,3547734,1267210569
2016-11-25,1974.46,1978.45,1969.09,201938,2914479,1268948460
2016-11-28,1978.13,1983.43,1966.78,213579,3085102,1273002694
2016-11-29,1978.39,1982.53,1972.31,214566,4413544,1272851862
2016-11-30,1983.48,1988.44,1977.09,233086,5558990,1277304961
2016-12-01,1983.75,1989.08,1979.67,217876,4061247,1277144302
2016-12-02,1970.61,1981.64,1966.42,243181,3727863,1269074669
2016-12-05,1963.36,1971.24,1960.65,237190,3071610,1264882579
2016-12-06,1989.86,1993.47,1976.51,214649,3794721,1282306755
2016-12-07,1991.89,1997.62,1987.26,204410,3659556,1283622932
2016-12-08,2031.07,2031.07,2007.57,239429,4956346,1307883233
2016-12-09,2024.69,2026.83,2019.79,225657,3813856,1304217187
2016-12-12,2027.24,2031.95,2020.97,289804,3691817,1305031707
2016-12-13,2035.98,2035.99,2023.61,383364,4220712,1310751171
2016-12-14,2036.87,2044.42,2031.18,384033,3392828,1313641230
2016-12-15,2036.65,2040.62,2021.76,300190,3290969,1313287751
2016-12-16,2042.24,2043.6,2033.23,289708,3944177,1317717852
2016-12-19,2038.39,2046.03,2037.04,249870,2976699,1315584420
2016-12-20,2041.94,2047.38,2040.81,314221,3174669,1317982199
2016-12-21,2037.96,2053.46,2037.96,284570,3384380,1315475440
2016-12-22,2035.73,2042.9,2033.99,275096,3256421,1313850178
2016-12-23,2035.9,2037.71,2031.54,310882,3200601,1313648968
2016-12-26,2037.75,2039.76,2034.8,366636,3036259,1315023861
2016-12-27,2042.17,2044.43,2037.12,384033,3095682,1318586364
2016-12-28,2024.49,2029.69,2020.86,356590,3051026,1306848288
2016-12-29,2026.46,2026.57,2016.25,264522,3009199,1308440374
2017-01-02,2026.16,2031.79,2015.68,229875,2616791,1308042051
2017-01-03,2043.97,2044.07,2028.47,268127,3725113,1319218839
2017-01-04,2045.64,2046.29,2040.61,371488,4098880,1320293636
2017-01-05,2041.95,2046.5,2039.49,541344,4479782,1317577589
2017-01-06,2049.12,2051.84,2045.66,455351,3511655,1322374578
2017-01-09,2048.78,2053.18,2046.47,398291,3878373,1322945087
2017-01-10,2045.12,2046.78,2039.5,512663,3869790,1320784087
2017-01-11,2075.17,2079.7,2047.56,335532,4534399,1340531933
2017-01-12,2087.14,2087.14,2073.89,555842,4727251,1347878921
2017-01-13,2076.79,2080.94,2073.44,518284,4727083,1340353348
2017-01-16,2064.17,2080.05,2058.93,683932,4769155,1331939879
2017-01-17,2071.87,2078.8,2065.53,601435,4215229,1336913330
2017-01-18,2070.54,2075.23,2058.35,530133,4054751,1338084297
2017-01-19,2072.79,2091.02,2065.03,415669,4136854,1339900119
2017-01-20,2065.61,2072.32,2064,392647,4082436,1335497553
2017-01-23,2065.99,2073.8,2058.91,444863,3774413,1336676441
2017-01-24,2065.76,2072.66,2058.59,312411,3789740,1336601476
2017-01-25,2066.94,2077.72,2062.96,310239,4220571,1338421915
2017-01-26,2083.59,2088.6,2068.5,257922,4425645,1349672535
2017-01-31,2067.57,2079.97,2067.57,288275,4596318,1338409357
2017-02-01,2080.48,2082.7,2073.97,452528,4532425,1346350614
2017-02-02,2071.01,2092.45,2067.76,825477,5707494,1340777645
2017-02-03,2073.16,2079.85,2064.05,392584,4913325,1341966582
2017-02-06,2077.66,2088.37,2073.03,315315,3900502,1345054595
2017-02-07,2075.21,2079.23,2071.05,271809,4170985,1343105536
2017-02-08,2065.08,2072.58,2052.29,266722,4467660,1336445528
2017-02-09,2065.88,2072.69,2062.12,236009,4269100,1337008144
2017-02-10,2075.08,2080.74,2072.23,314676,4885929,1342535858
2017-02-13,2078.65,2078.66,2070.36,289685,3988195,1344539475
2017-02-14,2074.57,2081.59,2068.16,332366,4462092,1341796937
2017-02-15,2083.86,2087.69,2069.89,338045,4735314,1347225063
2017-02-16,2081.84,2092.59,2078.35,330467,4331135,1346223990
2017-02-17,2080.58,2081.18,2072.57,301517,4782724,1345089249
2017-02-20,2084.39,2085.59,2077.13,297203,3320494,1348154670
2017-02-21,2102.93,2108.48,2085,292539,3976165,1359938502
2017-02-22,2106.61,2108.98,2101.56,312219,4246790,1362373770
2017-02-23,2107.63,2108.99,2103.11,430851,4592956,1362846570
2017-02-24,2094.12,2107.83,2090.05,385395,5176798,1353364623
2017-02-27,2085.52,2097.24,2084.08,343702,4170047,1347849638
2017-02-28,2091.64,2094.41,2084.36,399822,5051497,1351894956
2017-03-02,2102.65,2112.58,2096.31,434713,6172420,1360136704
2017-03-03,2078.75,2091.59,2072.09,425936,5129278,1344318883
2017-03-06,2081.36,2083.8,2067.68,431445,4655902,1346355445
2017-03-07,2094.05,2096.79,2079.16,277830,3962687,1354747806
2017-03-08,2095.41,2101.56,2088.19,381442,4517061,1355519188
2017-03-09,2091.06,2100.08,2090.73,408229,5110475,1352384164
2017-03-10,2097.35,2102.05,2082.31,500861,5570688,1356493259
2017-03-13,2117.59,2122.88,2100.91,382129,4657807,1369779491
2017-03-14,2133.78,2135.5,2124.42,365075,5287892,1380724236
2017-03-15,2133,2135.38,2127.26,374700,4974871,1380664798
2017-03-16,2150.08,2156.85,2143.01,402424,5163958,1391689013
2017-03-17,2164.58,2164.59,2148.86,302788,4979595,1401543225
2017-03-20,2157.01,2160.57,2151.51,264947,4117273,1396118874
2017-03-21,2178.38,2181.99,2160.25,303941,5620095,1410500369
2017-03-22,2168.3,2170,2158.96,394426,5586038,1404264981
2017-03-23,2172.72,2182.42,2170.56,358608,5152409,1406409944
2017-03-24,2168.95,2179.34,2163.34,358673,5127078,1403733238
2017-03-27,2155.66,2165.25,2153.14,395863,5291302,1395348806
2017-03-28,2163.31,2169.14,2157.71,393970,5076568,1401036286
2017-03-29,2166.98,2172.31,2162.04,626793,5356116,1403913277
2017-03-30,2164.64,2174.16,2159.16,643564,4574158,1403835585
2017-03-31,2160.23,2166.93,2159.8,441640,4479971,1400961585
2017-04-03,2167.51,2171.33,2161.26,398514,4066025,1405883015
2017-04-04,2161.1,2166.94,2156.89,522093,4619289,1402046554
2017-04-05,2160.85,2164.85,2146.98,571691,4910758,1402168630
2017-04-06,2152.75,2153.83,2143.3,510164,4204111,1396629200
2017-04-07,2151.73,2155.7,2142.51,408457,4143351,1395556937
2017-04-10,2133.32,2148.83,2128.35,512917,4050059,1384038381
2017-04-11,2123.85,2136.55,2117.82,489309,4209404,1378255108
2017-04-12,2128.91,2129.82,2122.94,427358,3970631,1381534908
2017-04-13,2148.61,2148.61,2125.87,357583,4396072,1394108754
2017-04-14,2134.88,2141.61,2127.8,383688,3408417,1385279447
2017-04-17,2145.76,2150.7,2138.7,259304,3750130,1392064303
2017-04-18,2148.46,2155.36,2139.31,291399,3971075,1393614544
2017-04-19,2138.4,2148.03,2133.82,344221,4892976,1386926683
2017-04-20,2149.15,2150.43,2134.05,268316,5132502,1393644196
2017-04-21,2165.04,2169.46,2156.64,281540,4837703,1401852010
2017-04-24,2173.74,2177.89,2166.83,374714,4402841,1407333069
2017-04-25,2196.85,2196.85,2174.11,275897,5106632,1422832247
2017-04-26,2207.84,2210.61,2200.73,397526,5509195,1430107693
2017-04-27,2209.46,2211.59,2199.76,386107,6551274,1432679121
2017-04-28,2205.44,2217.04,2202.2,268642,5842676,1430873638
2017-05-02,2219.67,2229.74,2212.87,295140,4826500,1441151796
2017-05-04,2241.24,2241.24,2224.91,261919,4790759,1454577899
2017-05-08,2292.76,2292.76,2244.23,281761,6795938,1487320271
2017-05-10,2270.12,2323.22,2264.31,422888,9383779,1476220933
2017-05-11,2296.37,2297.67,2271.66,463460,7895479,1495130967
2017-05-12,2286.02,2296.51,2283.38,335338,6493662,1503064885
2017-05-15,2290.65,2297.31,2280.6,251594,4648512,1506318520
2017-05-16,2295.33,2309,2283.84,368138,6542753,1509851051
2017-05-17,2293.08,2295.87,2283.01,394821,5709042,1508979342
2017-05-18,2286.82,2288.85,2267.08,378315,5914401,1504833396
2017-05-19,2288.48,2293.82,2282.13,421134,5928742,1505298600
2017-05-22,2304.03,2305.21,2292.95,340061,5827433,1515797523
2017-05-23,2311.74,2326.57,2303.15,341085,5626904,1497923583
2017-05-24,2317.34,2322.54,2312.93,409560,5671779,1501367989
2017-05-25,2342.93,2343.72,2321.26,369280,6263938,1516672032
2017-05-26,2355.3,2364.8,2341.61,312902,6152560,1524825782
2017-05-29,2352.97,2371.67,2344.25,316178,5628671,1523018713
2017-05-30,2343.68,2358.69,2332.16,508844,5623193,1516704036
2017-05-31,2347.38,2355.23,2338.25,555939,8244272,1519224319
2017-06-01,2344.61,2351.31,2335.63,336691,5389574,1517531128
2017-06-02,2371.72,2372.65,2353.45,399499,6157842,1535433298
2017-06-05,2368.62,2376.83,2363.61,326412,5196274,1533778730
2017-06-07,2360.14,2369.43,2356.71,376208,6272490,1528313192
2017-06-08,2363.57,2365.52,2347.62,417080,8406803,1530882224
2017-06-09,2381.69,2385.15,2367.81,520558,7227366,1542997368
2017-06-12,2357.87,2374.7,2353.35,327234,5782164,1527605656
2017-06-13,2374.7,2375.81,2358.92,322082,5665179,1538262978
2017-06-14,2372.64,2387.29,2366.92,392998,6795165,1537387890
2017-06-15,2361.65,2378.04,2350.37,334886,5882836,1530333177
2017-06-16,2361.83,2365.37,2355.29,329179,5965450,1530672371
2017-06-19,2370.9,2377.2,2356.84,290945,5421942,1536693704
2017-06-20,2369.23,2382.54,2365.45,360734,7143556,1536241745
2017-06-21,2357.53,2359.97,2346.19,360345,6466060,1528474847
2017-06-22,2370.37,2370.39,2354.1,299232,6829007,1536651532
2017-06-23,2378.6,2380.94,2369.17,256259,5863390,1541919022
2017-06-26,2388.66,2390.7,2377.88,325674,5213754,1548384049
2017-06-27,2391.95,2397.14,2383.47,358034,6473502,1550600184
2017-06-28,2382.56,2390.89,2380.75,361177,6018053,1543678169
2017-06-29,2395.66,2402.8,2393.57,445132,5519871,1552287490
2017-06-30,2391.79,2391.81,2381.4,343530,5100038,1549261008
2017-07-03,2394.48,2399.9,2384.55,310992,4782703,1551236137
2017-07-04,2380.52,2398.02,2376.41,411776,4899735,1541800096
2017-07-05,2388.35,2390.29,2375.63,333721,4786070,1546865701
2017-07-06,2387.81,2392.5,2380.82,301473,4804356,1546895514
2017-07-07,2379.87,2385.02,2372.83,314370,5489141,1540538453
2017-07-10,2382.1,2389.87,2378.04,296262,4924609,1549196906
2017-07-11,2396,2396.46,2382.69,284462,4942134,1558253116
2017-07-12,2391.77,2399.28,2390.45,268926,5352347,1555980342
2017-07-13,2409.49,2422.26,2402.92,289261,6169865,1568027438
2017-07-14,2414.63,2421.48,2411.34,258766,5288841,1571230354
2017-07-17,2425.1,2430.34,2419.91,254205,4928676,1578499325
2017-07-18,2426.04,2426.16,2419.17,260662,4801381,1578631568
2017-07-19,2429.94,2430.09,2419.64,270965,5100349,1581150486
2017-07-20,2441.84,2443.69,2427.95,251917,5452699,1589860931
2017-07-21,2450.06,2451.59,2437.84,250132,5207298,1592877224
2017-07-24,2451.53,2451.53,2443.65,233408,4637011,1593346329
2017-07-25,2439.9,2453.17,2437.14,275200,5406743,1585492893
2017-07-26,2434.51,2446.96,2429.62,336109,6474045,1581850204
2017-07-27,2443.24,2448.24,2435.49,426498,5397119,1587487990
2017-07-28,2400.99,2434.38,2399.06,318652,7019672,1559499858
2017-07-31,2402.71,2403.9,2388.39,277570,5646475,1560654852
2017-08-01,2422.96,2432.62,2394.27,264036,5605202,1573327445
2017-08-02,2427.63,2434.47,2424.18,261570,5346439,1574478572
2017-08-03,2386.85,2423.55,2374.11,303575,6500832,1547313042
2017-08-04,2395.45,2400.33,2383.45,273566,5084022,1552978143
2017-08-07,2398.75,2412.13,2395.74,244124,4428447,1555176613
2017-08-08,2394.73,2410.22,2383.94,252854,4623604,1553061230
2017-08-09,2368.39,2387.53,2366.33,234073,4693572,1535593315
2017-08-10,2359.47,2371.5,2339.06,283873,6293549,1529764543
2017-08-11,2319.71,2335.12,2310.2,318581,6322990,1503626801
2017-08-14,2334.22,2341.78,2327.8,214025,4657451,1515575561
2017-08-16,2348.26,2358.46,2343.72,270521,6169012,1525670168
2017-08-17,2361.67,2364.5,2346.74,255766,4696031,1534652870
2017-08-18,2358.37,2362.43,2340.19,201479,4395554,1532778210
2017-08-21,2355,2363.38,2351.96,207225,3860617,1530386008
2017-08-22,2365.33,2369.02,2359.97,251864,4036931,1536995836
2017-08-23,2366.4,2379.59,2360.71,228616,4072478,1538226997
2017-08-24,2375.84,2382.72,2368.29,295531,4743851,1543913764
2017-08-25,2378.51,2384.59,2372.67,341961,4664555,1544754034
2017-08-28,2370.3,2383.46,2366.23,226869,4035801,1538875605
2017-08-29,2364.74,2364.74,2332.85,223090,4427622,1535858093
2017-08-30,2372.29,2372.29,2363.43,305637,4652673,1540964342
2017-08-31,2363.19,2377.02,2355.29,265050,5351568,1535629495
2017-09-01,2357.69,2370.25,2351.37,280060,4811929,1532592218
2017-09-04,2329.65,2344.82,2316.89,248495,4422729,1514396696
2017-09-05,2326.62,2340.62,2319.94,320428,4951325,1512278525
2017-09-06,2319.82,2325.56,2314.31,252682,5336840,1508357064
2017-09-07,2346.19,2349.79,2328.92,277036,4697149,1525680811
2017-09-08,2343.72,2351.73,2340.63,214593,4588620,1524638755
2017-09-11,2359.08,2369.72,2354.35,243613,4928978,1535384685
2017-09-12,2365.47,2372.45,2359.12,333574,5000743,1539474472
2017-09-13,2360.18,2373.61,2360.17,318872,6032999,1536059857
2017-09-14,2377.66,2377.66,2358.43,314263,6750768,1546781590
2017-09-15,2386.07,2386.07,2365.37,298739,6430145,1552342857
2017-09-18,2418.21,2418.24,2389.65,273478,5218020,1573692545
2017-09-19,2416.05,2422.05,2411.68,254586,5357248,1572876462
2017-09-20,2412.2,2429.12,2405.78,303286,5630704,1570621056
2017-09-21,2406.5,2415.13,2401.89,335339,5730119,1567070760
2017-09-22,2388.71,2409.3,2381.81,333617,6124476,1555336612
2017-09-25,2380.4,2392.44,2374.69,339346,4855653,1550628202
2017-09-26,2374.32,2381.31,2365.34,319125,5853154,1545785411
2017-09-27,2372.57,2377.18,2368.92,202619,4598483,1544304910
2017-09-28,2373.14,2379.54,2365.67,194772,4712786,1544474429
2017-09-29,2394.47,2394.47,2378.66,184191,4667350,1558243982
2017-10-10,2433.81,2443.2,2421.1,221745,7507848,1583765606
2017-10-11,2458.16,2458.16,2439.81,201771,6086394,1600875567
2017-10-12,2474.76,2474.76,2459.48,256211,6281852,1610914160
2017-10-13,2473.62,2479.73,2468.14,234801,6823930,1610209162
2017-10-16,2480.05,2487.71,2470.24,224415,6175084,1613827897
2017-10-17,2484.37,2487.88,2478.76,199049,5322692,1616936986
2017-10-18,2482.91,2490.58,2475.67,244245,5826518,1616101959
2017-10-19,2473.06,2490.94,2468.67,236625,6891246,1608466684
2017-10-20,2489.54,2489.54,2476.88,313211,5648569,1619603667
2017-10-23,2490.05,2500.33,2485.48,274201,4759872,1620087219
2017-10-24,2490.49,2497.35,2487.17,232007,4624483,1620755283
2017-10-25,2492.5,2497.41,2481.48,599435,5088791,1621564444
2017-10-26,2480.63,2495.99,2480.63,646883,7143283,1613241151
2017-10-27,2496.63,2499.15,2479.67,511226,6342962,1624402401
2017-10-30,2501.93,2513.87,2497.42,342006,7020595,1626538442
2017-10-31,2523.43,2528.32,2498.05,313788,7694499,1642285252
2017-11-01,2556.47,2556.47,2535.83,361796,7567835,1664901461
2017-11-02,2546.36,2561.63,2542.02,527728,6255077,1658388201
2017-11-03,2557.97,2558.37,2539.72,292767,5515019,1663024032
2017-11-06,2549.41,2559.9,2529.94,221187,5433362,1657218530
2017-11-07,2545.44,2554.13,2540.67,253922,5665742,1654339823
2017-11-08,2552.4,2558.74,2533.73,277039,5716550,1658856803
2017-11-09,2550.57,2559.93,2536.54,293540,6931784,1657645911
2017-11-10,2542.95,2547.61,2534.6,291525,5517622,1652577270
2017-11-13,2530.35,2552.28,2527.2,266531,6175704,1644648379
2017-11-14,2526.64,2532.95,2520.99,287772,5999102,1640671062
2017-11-15,2518.25,2526.61,2511.76,398215,7283457,1634963776
2017-11-16,2534.79,2538.28,2514.51,302931,5633182,1645491389
2017-11-17,2533.99,2559.1,2533.99,362192,6649669,1644529849
2017-11-20,2527.67,2542.62,2523.52,404260,5868466,1640426169
2017-11-21,2530.7,2539.88,2525.96,484887,7019797,1642523340
2017-11-22,2540.51,2553.22,2535.19,485671,7600112,1649978496
2017-11-23,2537.15,2544.58,2532.45,391292,5174189,1647721422
2017-11-24,2544.33,2544.33,2533.98,297938,4477301,1652408594
2017-11-27,2507.81,2546.71,2506.69,284887,6257121,1627300681
2017-11-28,2514.19,2521.06,2500.93,348243,6518926,1631775248
2017-11-29,2512.9,2524.41,2508.66,301209,5277563,1630844154
2017-11-30,2476.37,2506.32,2474.28,339022,9397572,1607169301
2017-12-01,2475.41,2488.92,2472.75,288568,5740174,1606563651
2017-12-04,2501.67,2501.67,2476.29,323847,6056436,1622966082
2017-12-05,2510.12,2513.68,2487.15,395430,5926806,1627839540
2017-12-06,2474.37,2510.47,2474.29,507624,6651308,1605164242
2017-12-07,2461.98,2480.85,2452.4,404854,6307570,1598885756
2017-12-08,2464,2473.17,2459.02,406382,5484859,1602767069
2017-12-11,2471.49,2471.99,2457.98,240138,4613094,1607943365
2017-12-12,2461,2471.43,2455.39,281191,5292539,1601445482
2017-12-13,2480.55,2481.92,2457.7,254953,5121323,1613324381
2017-12-14,2469.48,2514.61,2469.48,317787,8276523,1606804196
2017-12-15,2482.07,2495.08,2475.99,340759,6047302,1614080829
2017-12-18,2481.88,2488.83,2477.29,324358,4477139,1614248576
2017-12-19,2478.53,2498.67,2470.49,308391,5239923,1612412731
2017-12-20,2472.37,2484.5,2470.62,236176,4748794,1607733542
2017-12-21,2429.83,2471.73,2429.83,247330,5351502,1579690639
2017-12-22,2440.54,2444.57,2426.94,230413,4801820,1587459773
2017-12-26,2427.34,2457.19,2427.34,224641,5641603,1578386110
2017-12-27,2436.67,2436.68,2411.48,194850,4845394,1584816761
2017-12-28,2467.49,2467.51,2437.26,220336,4274352,1605820912
2018-01-02,2479.65,2481.02,2465.94,262205,4786387,1613508197
2018-01-03,2486.35,2493.4,2481.91,331095,6019622,1617634318
2018-01-04,2466.46,2502.5,2466.45,333836,6896287,1604916140
2018-01-05,2497.52,2497.52,2475.51,308770,6317518,1624970533
2018-01-08,2513.28,2515.37,2494.18,311429,6404886,1634777681
2018-01-09,2510.23,2524.73,2498.41,374323,7345519,1632067011
2018-01-10,2499.75,2516.82,2493.98,444022,8577963,1624057752
2018-01-11,2487.91,2502.52,2483.82,444340,7789311,1616665408
2018-01-12,2496.42,2500.87,2482.15,438776,8772175,1621717049
2018-01-15,2503.73,2513.3,2496.18,404551,6118635,1626574288
2018-01-16,2521.74,2524.55,2498.55,341607,6913693,1639188170
2018-01-17,2515.43,2521.97,2506.49,336713,6325747,1634771859
2018-01-18,2515.81,2532.08,2512.69,333112,6447656,1635724489
2018-01-19,2520.26,2524.33,2513.09,351845,6263001,1637786603
2018-01-22,2502.11,2517.12,2488.44,342994,6385331,1626287541
2018-01-23,2536.6,2536.6,2507.96,370008,6838404,1648667380
2018-01-24,2538,2547.22,2531.31,371087,6764738,1649315305
2018-01-25,2562.23,2564.43,2536.73,514605,7867501,1665284071
2018-01-26,2574.76,2574.76,2553.53,400649,7673559,1673359184
2018-01-29,2598.19,2607.1,2587.55,437475,7908139,1688814426
2018-01-30,2567.74,2599.17,2567.07,397039,7877966,1668674846
2018-01-31,2566.46,2597.14,2553.01,403051,10842647,1668579804
2018-02-01,2568.54,2583.74,2564.59,595147,8053099,1670143715
2018-02-02,2525.39,2565.99,2519.6,481818,8260733,1641386346
2018-02-05,2491.75,2503.99,2476.24,442350,8096051,1620158999
2018-02-06,2453.31,2460.28,2409.38,582837,9566551,1595275242
2018-02-07,2396.56,2484.18,2396.56,460075,8369362,1558072991
2018-02-08,2407.62,2423.88,2393.46,362416,7275110,1563754336
2018-02-09,2363.77,2372.9,2346.73,489112,8524086,1567308139
2018-02-12,2385.38,2397.9,2367.31,352288,6631084,1581810884
2018-02-13,2395.19,2421.8,2388.54,423416,7333093,1589989718
2018-02-14,2421.83,2426.63,2408.02,305739,5970263,1607999333
2018-02-19,2442.82,2455.12,2428.15,322137,5843437,1621617424
2018-02-20,2415.12,2438.48,2411.23,421486,5146649,1603559124
2018-02-21,2429.65,2432.45,2404.02,432275,6074261,1612751528
2018-02-22,2414.28,2422.62,2405.23,349493,4982024,1602148941
2018-02-23,2451.52,2451.52,2427.13,300578,5387096,1626053757
2018-02-26,2457.65,2466.08,2447.86,321260,5606027,1630210236
2018-02-27,2456.14,2480.79,2456.14,271232,5674164,1629406360
2018-02-28,2427.36,2460.12,2426.21,367557,7168378,1611555217
2018-03-02,2402.16,2410.34,2387.25,320397,6077888,1593948106
2018-03-05,2375.06,2407.98,2374.8,312254,5785013,1575913633
2018-03-06,2411.41,2413.01,2392.87,400111,6598571,1600329703
2018-03-07,2401.82,2429.43,2395.24,412972,8956679,1594937954
2018-03-08,2433.08,2433.08,2407.59,394849,9053040,1614933614
2018-03-09,2459.45,2476.43,2436.03,437265,8573691,1633438701
2018-03-12,2484.12,2489.46,2474.91,391304,6570618,1649789283
2018-03-13,2494.49,2494.49,2478.76,350203,7828709,1657712133
2018-03-14,2486.08,2486.98,2474.77,360866,6379750,1652629050
2018-03-15,2492.38,2496.51,2471.04,344010,6065884,1656176341
2018-03-16,2493.97,2497.8,2476.88,377766,6566429,1656858023
2018-03-19,2475.03,2493.56,2470.91,477219,5994569,1644237393
2018-03-20,2485.52,2485.52,2456.8,291496,5384114,1650420084
2018-03-21,2484.97,2492.88,2483.78,399074,5925542,1650337890
2018-03-22,2496.02,2508.71,2485.34,482138,7178799,1658523132
2018-03-23,2416.76,2450.4,2412.62,457953,7931474,1606035961
2018-03-26,2437.08,2437.08,2399.44,306904,5928635,1620507612
2018-03-27,2452.06,2456.55,2444.92,332129,6305554,1631743152
2018-03-28,2419.29,2430.77,2409.47,501307,7761054,1610067602
2018-03-29,2436.37,2439.47,2413.71,333359,7256777,1621052950
2018-03-30,2445.85,2458.24,2445.72,395329,6434445,1627646951
2018-04-02,2444.16,2467.52,2440.89,390319,6841688,1626392940
2018-04-03,2442.43,2442.43,2416.44,497141,7950088,1625310856
2018-04-04,2408.06,2447.97,2405.91,551704,8092054,1602618532
2018-04-05,2437.52,2446.78,2420.92,591043,7566952,1622983873
2018-04-06,2429.58,2433.97,2417.24,454309,7301081,1617425107
2018-04-09,2444.08,2446.28,2424.15,334425,6607392,1626997763
2018-04-10,2450.74,2454.36,2419.55,356390,7520110,1631061462
2018-04-11,2444.22,2458.99,2441.2,355188,7468123,1626689363
2018-04-12,2442.71,2454.95,2441.58,441569,8152885,1626103067
2018-04-13,2455.07,2457.85,2442.35,395886,6923900,1636609096
2018-04-16,2457.49,2466.16,2449.97,347174,6220737,1638625626
2018-04-17,2453.77,2465.63,2449.08,394701,6360648,1636624621
2018-04-18,2479.98,2486.73,2467.55,647286,8204323,1655299464
2018-04-19,2486.1,2490.57,2476.51,727031,10118366,1660195914
2018-04-20,2476.33,2485.15,2472.37,531719,7841558,1653175539
2018-04-23,2474.11,2478.57,2466.57,701423,9372648,1651720966
2018-04-24,2464.14,2479.32,2454.44,524280,8300866,1644743511
2018-04-25,2448.81,2453.54,2436.51,466096,7527931,1634741766
2018-04-26,2475.64,2484.09,2456.2,520917,7921705,1653073967
2018-04-27,2492.4,2508.13,2484.19,464958,8299223,1664373651
2018-04-30,2515.38,2515.38,2500.22,746292,9460289,1680104341
2018-05-02,2505.61,2516.57,2501.71,807589,11712287,1673457322
2018-05-03,2487.25,2507.91,2487.25,614102,7866074,1661556510
2018-05-04,2461.38,2487.77,2461.38,612024,10816535,1645196661
2018-05-08,2449.81,2479.75,2444.08,714734,9630703,1638340178
2018-05-09,2443.98,2451.86,2428.79,593366,9069419,1633304236
2018-05-10,2464.16,2464.72,2448.01,490005,8870446,1646413173
2018-05-11,2477.71,2483.85,2468.41,599901,7588729,1655512771
2018-05-14,2476.11,2486.17,2471.91,650708,9563127,1654107231
2018-05-15,2458.54,2480.22,2456.2,712620,9446302,1641597149
2018-05-16,2459.82,2465.55,2444.67,691813,9817111,1642766226
2018-05-17,2448.45,2472.82,2448.43,596772,8190532,1634548231
2018-05-18,2460.65,2461.95,2452.34,431377,6463039,1643541494
2018-05-21,2465.57,2472.3,2447.69,588088,6298421,1646798799
2018-05-23,2471.91,2476.86,2460.07,752676,9262009,1651604786
2018-05-24,2466.01,2481.31,2457.84,638126,6766220,1647251127
2018-05-25,2460.8,2466.57,2444.77,653592,9078584,1645067822
2018-05-28,2478.96,2482.4,2463.14,708362,9841222,1656584844
2018-05-29,2457.25,2479.68,2457.18,571837,8532894,1641963442
2018-05-30,2409.03,2449.88,2399.58,575922,8999466,1609052659
2018-05-31,2423.01,2430.15,2415.5,816930,13252142,1619387832
